text,meaningCn,category,worldTags,rank
the,这；那；这个（特指）,GENERAL,GENERAL,1
be,是；成为,GENERAL,GENERAL,2
and,和；并且,GENERAL,GENERAL,3
of,……的,GENERAL,GENERAL,4
a,一个；一（用于单数名词前）,GENERAL,GENERAL,5
to,到；向；去,GENERAL,GENERAL,6
have,有；怀有；拿,GENERAL,GENERAL,7
it,它；这件事,GENERAL,GENERAL,8
i,我,GENERAL,GENERAL,9
that,那个；那,GENERAL,GENERAL,10
for,为了；给,GENERAL,GENERAL,11
you,你；你们,GENERAL,GENERAL,12
he,他,GENERAL,GENERAL,13
with,和；带着,GENERAL,GENERAL,14
on,在……上面,GENERAL,GENERAL,15
do,做；进行,GENERAL,GENERAL,16
say,说；讲；念,GENERAL,GENERAL,17
this,这个,GENERAL,GENERAL,18
they,他们；她们；它们,GENERAL,GENERAL,19
at,在；于,GENERAL,GENERAL,20
but,但是,GENERAL,GENERAL,21
we,我们,GENERAL,GENERAL,22
his,他的,GENERAL,GENERAL,23
from,从；来自,GENERAL,GENERAL,24
not,不；不是,GENERAL,GENERAL,25
by,被；经；由,GENERAL,GENERAL,26
she,她,GENERAL,GENERAL,27
or,或者,GENERAL,GENERAL,28
as,同样地；例如,GENERAL,GENERAL,29
what,什么,GENERAL,GENERAL,30
go,去；走；达到,GENERAL,GENERAL,31
their,他们的；她们的；它们的,GENERAL,GENERAL,32
who,谁,GENERAL,GENERAL,33
get,得到；获得；变成,GENERAL,GENERAL,34
if,如果,GENERAL,GENERAL,35
would,将；愿意,GENERAL,GENERAL,36
her,她的；她,GENERAL,GENERAL,37
all,所有的；全部的；一切的,GENERAL,GENERAL,38
my,我的,GENERAL,GENERAL,39
make,制造；安排；创造,GENERAL,GENERAL,40
about,在...周围；大约；有关,GENERAL,GENERAL,41
know,知道；了解；认识,GENERAL,GENERAL,42
will,意志；决心；意愿,GENERAL,GENERAL,43
one,一(个),GENERAL,GENERAL,44
time,时间；时侯；时机,GENERAL,GENERAL,45
there,在那里,GENERAL,GENERAL,46
year,年；年度；年龄,GENERAL,GENERAL,47
so,如此；如是；如...那样,GENERAL,GENERAL,48
think,想；考虑；想起,GENERAL,GENERAL,49
when,什么时候,GENERAL,GENERAL,50
which,哪一个,GENERAL,GENERAL,51
them,他们；她们；它们,GENERAL,GENERAL,52
some,一些,GENERAL,GENERAL,53
me,我,GENERAL,GENERAL,54
people,人；人民；民族,GENERAL,GENERAL,55
out,外面的；熄灭的；结束的,GENERAL,GENERAL,56
into,进入；到……里面,GENERAL,GENERAL,57
see,看见；查看；参观,GENERAL,GENERAL,58
him,他,GENERAL,GENERAL,59
your,你的；你们的,GENERAL,GENERAL,60
come,过来；来；到达,GENERAL,GENERAL,61
could,能；可以,GENERAL,GENERAL,62
now,现在；刚才；目前,GENERAL,GENERAL,63
than,比；除...外,GENERAL,GENERAL,64
like,相似的；同样的,GENERAL,GENERAL,65
other,其他的；另外的；从前的,GENERAL,GENERAL,66
how,怎样；如何,GENERAL,GENERAL,67
then,然后；当时,GENERAL,GENERAL,68
its,它的,GENERAL,GENERAL,69
our,我们的,GENERAL,GENERAL,70
more,更多,GENERAL,GENERAL,71
want,需要的东西；缺乏；贫困,GENERAL,GENERAL,72
way,路；路线；路途,GENERAL,GENERAL,73
look,一看；神色；样子,GENERAL,GENERAL,74
first,首先；第一；优先,GENERAL,GENERAL,75
also,也；并且；同样地,GENERAL,GENERAL,76
new,新的；陌生的；最近的,GENERAL,GENERAL,77
because,因为,GENERAL,GENERAL,78
day,天；日子；白天,GENERAL,GENERAL,79
use,使用；习惯；使用价值,GENERAL,GENERAL,80
no,不；没有,GENERAL,GENERAL,81
man,男人；人类；人,FAMILY,FAMILY,82
find,发现；感到；找到,GENERAL,GENERAL,83
here,在这里；此时；这里,GENERAL,GENERAL,84
thing,事物；东西；物,GENERAL,GENERAL,85
give,弹性；适应性,GENERAL,GENERAL,86
many,多数；多数人,GENERAL,GENERAL,87
only,唯一的；仅有的；最佳的,GENERAL,GENERAL,88
tell,告诉；说；吩咐,GENERAL,GENERAL,89
very,真正的；恰好的；十足的,GENERAL,GENERAL,90
back,后面的,BODY,BODY,91
any,任何的,GENERAL,GENERAL,92
good,善行；好处；利益,GENERAL,GENERAL,93
woman,女人；妇女；女仆,FAMILY,FAMILY,94
through,穿越；从头至尾；到底,GENERAL,GENERAL,95
us,我们,GENERAL,GENERAL,96
life,生活；生命；人生,GENERAL,GENERAL,97
child,孩子；产物；追随者,FAMILY,FAMILY,98
work,工作；劳动；职业,GENERAL,GENERAL,99
may,五月,GENERAL,GENERAL,100
after,在...之后；由于,GENERAL,GENERAL,101
should,应该；将要,GENERAL,GENERAL,102
call,呼叫；访问；打电话,GENERAL,GENERAL,103
world,世界；地球；宇宙,GENERAL,GENERAL,104
over,结束；越过；从头到尾,GENERAL,GENERAL,105
school,学校；鱼群；门派,SCHOOL,SCHOOL,106
still,蒸馏室；寂静；剧照,GENERAL,GENERAL,107
try,尝试；试验；审理,GENERAL,GENERAL,108
ask,问；要求,GENERAL,GENERAL,109
need,需要；必须；缺乏,GENERAL,GENERAL,110
too,也；非常；太,GENERAL,GENERAL,111
feel,感觉；觉得；触摸,GENERAL,GENERAL,112
state,州；状态；情形,GENERAL,GENERAL,113
never,从不；决不；不曾,GENERAL,GENERAL,114
become,变成；变得,GENERAL,GENERAL,115
between,在...之间,GENERAL,GENERAL,116
high,高度；高处,GENERAL,GENERAL,117
something,某事；某物,GENERAL,GENERAL,118
really,实际上；真实地；实在,GENERAL,GENERAL,119
most,最多；最大,GENERAL,GENERAL,120
another,另外的；再一的；不同的,GENERAL,GENERAL,121
much,大量；许多；重要的事,GENERAL,GENERAL,122
family,家庭；家人；族,HOME,HOME|FAMILY,123
own,自己的,GENERAL,GENERAL,124
leave,许可；告别；请假,GENERAL,GENERAL,125
put,放；摆；安置,GENERAL,GENERAL,126
old,以前；往昔,GENERAL,GENERAL,127
while,一会儿；(一段)时间,GENERAL,GENERAL,128
keep,生计；维持；保持,GENERAL,GENERAL,129
student,学生；研究者；学者,SCHOOL,SCHOOL,130
why,为什么,GENERAL,GENERAL,131
let,让；假设；出租,GENERAL,GENERAL,132
great,大的；非常的；主要的,GENERAL,GENERAL,133
same,相同的；同样的,GENERAL,GENERAL,134
big,大的；重要的,GENERAL,GENERAL,135
group,团体；组；团,GENERAL,GENERAL,136
begin,开始,GENERAL,GENERAL,137
seem,象是；似乎,GENERAL,GENERAL,138
country,国家；乡村；地区,GENERAL,GENERAL,139
help,帮忙；帮助者；补救办法,GENERAL,GENERAL,140
talk,谈话；交谈；会谈,GENERAL,GENERAL,141
where,哪里,GENERAL,GENERAL,142
turn,转弯；转动；旋转,GENERAL,GENERAL,143
problem,问题；难题,GENERAL,GENERAL,144
every,每一；所有的,GENERAL,GENERAL,145
start,惊起；出发；开端,GENERAL,GENERAL,146
hand,手；爪；指针,BODY,BODY,147
show,显示；表现；展览,GENERAL,GENERAL,148
part,部分；局部；零件,GENERAL,GENERAL,149
against,反对；对着；倚靠,GENERAL,GENERAL,150
such,如此的；这样的,GENERAL,GENERAL,151
again,再一次；又；到原处,GENERAL,GENERAL,152
few,很少的；不多的；少数的,GENERAL,GENERAL,153
week,星期；周,GENERAL,GENERAL,154
company,公司；友伴；交往,GENERAL,GENERAL,155
mr,先生,GENERAL,GENERAL,156
system,系统；体系；制度,GENERAL,GENERAL,157
each,每个；每一,GENERAL,GENERAL,158
right,权利；右边；正义,GENERAL,GENERAL,159
program,节目；节目单；程序,GENERAL,GENERAL,160
hear,听到；倾听；听说,GENERAL,GENERAL,161
question,问题；询问,SCHOOL,SCHOOL,162
during,在...的时候,GENERAL,GENERAL,163
play,游戏；游玩；玩笑,GENERAL,GENERAL,164
government,政府；内阁,GENERAL,GENERAL,165
run,跑；赛跑；奔跑,GENERAL,GENERAL,166
small,小的；少的；小型的,GENERAL,GENERAL,167
number,数；数字；数目,GENERAL,GENERAL,168
off,关着的；不再生效的；处于...境况的,GENERAL,GENERAL,169
always,总是；始终,GENERAL,GENERAL,170
move,移动；迁居；步骤,GENERAL,GENERAL,171
night,夜；夜晚；晚上,GENERAL,GENERAL,172
live,活的；生动的；精力充沛的,GENERAL,GENERAL,173
point,点；小数点；标点,GENERAL,GENERAL,174
believe,相信,GENERAL,GENERAL,175
hold,把握；把持力；柄,GENERAL,GENERAL,176
today,今天；当今；现在,GENERAL,GENERAL,177
bring,带来；产生；促使,GENERAL,GENERAL,178
happen,发生；发生；恰巧,GENERAL,GENERAL,179
next,下一个,GENERAL,GENERAL,180
without,没有,GENERAL,GENERAL,181
before,在...之前,GENERAL,GENERAL,182
large,大的；大量的；宽大的,GENERAL,GENERAL,183
must,必须；未发酵葡萄汁；绝对必要的事物,GENERAL,GENERAL,184
under,在...之下；低于,GENERAL,GENERAL,185
water,水；雨水；海水,FOOD_LIFE,KITCHEN|SUPERMARKET,186
room,房间；空位；场所,HOME,HOME,187
write,书写；著述；写,SCHOOL,SCHOOL,188
mother,母亲；修女院长,FAMILY,FAMILY,189
area,区域；面积；范围,GENERAL,GENERAL,190
national,国家的；国立的；全国性的,GENERAL,GENERAL,191
money,金钱；一笔款；财富,FOOD_LIFE,SUPERMARKET,192
story,故事；小说；传奇,GENERAL,GENERAL,193
young,年轻的；无经验的；朝气蓬勃的,GENERAL,GENERAL,194
fact,事实；真实性；真相,GENERAL,GENERAL,195
month,月,GENERAL,GENERAL,196
different,不同的,GENERAL,GENERAL,197
study,学习；研究；学科,SCHOOL,SCHOOL,198
book,书；书籍；帐簿,SCHOOL,SCHOOL,199
eye,眼睛；视力；看,BODY,BODY,200
job,工作；零活；职业,GENERAL,GENERAL,201
word,话；消息；词,GENERAL,GENERAL,202
though,然而；可是,GENERAL,GENERAL,203
business,生意；事情；业务,GENERAL,GENERAL,204
issue,发行；问题；后果,GENERAL,GENERAL,205
side,旁边；侧；方面,GENERAL,GENERAL,206
head,头；头脑；领袖,BODY,BODY,207
far,远的；久远的；遥远的,GENERAL,GENERAL,208
black,黑色；黑颜料,GENERAL,GENERAL,209
both,两者的,GENERAL,GENERAL,210
little,一点点；少许；一会儿,GENERAL,GENERAL,211
house,房子；住宅；机构,HOME,HOME,212
yes,是；好的,GENERAL,GENERAL,213
since,自...以后；自...以来,GENERAL,GENERAL,214
provide,提供；供应；规定,GENERAL,GENERAL,215
service,服务；贡献；雇佣,GENERAL,GENERAL,216
around,包围；在...周围；四处,GENERAL,GENERAL,217
friend,朋友；支持者；赞助者,GENERAL,GENERAL,218
important,重要的；有地位的；大量的,GENERAL,GENERAL,219
father,父亲；祖先；长辈,FAMILY,FAMILY,220
sit,坐；就座；坐落,GENERAL,GENERAL,221
away,离去,GENERAL,GENERAL,222
until,直到；在...以前,GENERAL,GENERAL,223
power,力；体力；力量,GENERAL,GENERAL,224
hour,小时；钟头；时间,GENERAL,GENERAL,225
game,比赛；玩耍；比分,GENERAL,GENERAL,226
often,时常；常常,GENERAL,GENERAL,227
yet,还；尚；仍然,GENERAL,GENERAL,228
line,列；线；绳,GENERAL,GENERAL,229
political,政治的；政治上的；政党的,GENERAL,GENERAL,230
end,结束；终点；目标,GENERAL,GENERAL,231
among,在...之中,GENERAL,GENERAL,232
ever,曾经；究竟；永远,GENERAL,GENERAL,233
stand,站立；站住；停顿,GENERAL,GENERAL,234
bad,坏的,GENERAL,GENERAL,235
lose,遗失；损失；丢失,GENERAL,GENERAL,236
however,然而；无论如何；究竟怎样,GENERAL,GENERAL,237
member,成员；会员,GENERAL,GENERAL,238
pay,薪资；付款；补偿,FOOD_LIFE,SUPERMARKET,239
law,法律；法则；定律,GENERAL,GENERAL,240
meet,会；集会,GENERAL,GENERAL,241
car,汽车；客车,TRANSPORT,TRANSPORT,242
city,城市；市,GENERAL,GENERAL,243
almost,几乎；差不多,GENERAL,GENERAL,244
include,包括；把...算入；包住,GENERAL,GENERAL,245
continue,继续；延续；延长,GENERAL,GENERAL,246
set,日落；同伙；组合,GENERAL,GENERAL,247
later,以后；随后,GENERAL,GENERAL,248
community,社区；公众；共有,GENERAL,GENERAL,249
name,名字；名称；姓名,GENERAL,GENERAL,250
once,一次；曾经；一旦,GENERAL,GENERAL,251
white,白色；洁白；眼白,GENERAL,GENERAL,252
least,最少；最小；最小限度,GENERAL,GENERAL,253
president,总统；总裁；董事长,GENERAL,GENERAL,254
learn,学习；认识到；得知,SCHOOL,SCHOOL,255
real,真的；真实的；实际的,GENERAL,GENERAL,256
change,变化；找回的零钱；找头,GENERAL,GENERAL,257
team,队；组,GENERAL,GENERAL,258
several,几个的；一些的；各自的,GENERAL,GENERAL,259
idea,主意；办法；理想,GENERAL,GENERAL,260
kid,小山羊；小山羊肉；小孩,FAMILY,FAMILY,261
body,身体；人；尸体,BODY,BODY,262
information,消息；知识；通知,GENERAL,GENERAL,263
nothing,无；不关紧要之事；零,GENERAL,GENERAL,264
ago,以前,GENERAL,GENERAL,265
social,社会的；群居的；社交的,GENERAL,GENERAL,266
understand,理解；了解；领会,GENERAL,GENERAL,267
whether,是否；不论,GENERAL,GENERAL,268
watch,观察；手表；看守,GENERAL,GENERAL,269
together,一起；共同；彼此,GENERAL,GENERAL,270
follow,跟随；沿行；遵循,GENERAL,GENERAL,271
parent,父母；父母亲；根源,FAMILY,FAMILY,272
stop,停止；车站；逗留,GENERAL,GENERAL,273
face,脸；面容；正面,BODY,BODY,274
anything,任何事,GENERAL,GENERAL,275
create,创造；建造；引起,GENERAL,GENERAL,276
public,公众；民众,GENERAL,GENERAL,277
already,已经；早已,GENERAL,GENERAL,278
speak,说；说话；演说,GENERAL,GENERAL,279
read,读；阅读；理解,SCHOOL,SCHOOL,280
level,水平；水准；平地,GENERAL,GENERAL,281
allow,允许；同意给予；承认,GENERAL,GENERAL,282
add,增加；添加；附带说明,GENERAL,GENERAL,283
office,办公室；部；公职,GENERAL,GENERAL,284
spend,花费；浪费；度过,GENERAL,GENERAL,285
door,门,HOME,HOME,286
health,健康；卫生；蓬勃,GENERAL,GENERAL,287
person,人；人身；人称,GENERAL,GENERAL,288
art,艺术；人文科学；技术,GENERAL,GENERAL,289
sure,确信；必然的；必定的,GENERAL,GENERAL,290
war,战争；战争状态；战术,GENERAL,GENERAL,291
history,历史；过去；经历,GENERAL,GENERAL,292
party,宴会；党；政党,GENERAL,GENERAL,293
within,内部；里头,GENERAL,GENERAL,294
grow,种植；使长满,GENERAL,GENERAL,295
result,结果；成绩；答案,GENERAL,GENERAL,296
open,公开；户外；空旷,GENERAL,GENERAL,297
morning,早晨；早上；初期,GENERAL,GENERAL,298
walk,走；散步；步行,OUTDOOR,OUTDOOR,299
reason,理由；原因；理智,GENERAL,GENERAL,300
low,低点；低价；低,GENERAL,GENERAL,301
win,赢得；打胜；成功,GENERAL,GENERAL,302
research,研究；调查；考察,GENERAL,GENERAL,303
girl,女孩；少女；女佣,FAMILY,FAMILY,304
guy,家伙；支索,GENERAL,GENERAL,305
early,早的；早熟的,GENERAL,GENERAL,306
food,食物；养料,FOOD_LIFE,KITCHEN|SUPERMARKET,307
himself,他自己；他亲自,GENERAL,GENERAL,308
moment,片刻；瞬间；重要,GENERAL,GENERAL,309
air,空气；旋律；态度,GENERAL,GENERAL,310
force,力量；武力；势力,GENERAL,GENERAL,311
offer,给予(物)；出价；提议,GENERAL,GENERAL,312
enough,充足；够；很多,GENERAL,GENERAL,313
education,教育；训练；教育学,SCHOOL,SCHOOL,314
across,越过；穿过；与...相交叉,GENERAL,GENERAL,315
although,虽然；尽管,GENERAL,GENERAL,316
remember,记得；回忆起；记住,GENERAL,GENERAL,317
foot,脚；步调；英尺,BODY,BODY,318
second,秒；瞬间；第二名,GENERAL,GENERAL,319
boy,男孩,FAMILY,FAMILY,320
maybe,也许；大概,GENERAL,GENERAL,321
able,能干的；能够的,GENERAL,GENERAL,322
age,年龄；老年；成年,GENERAL,GENERAL,323
policy,政策；方针；策略,GENERAL,GENERAL,324
everything,每件事物；所有事物,GENERAL,GENERAL,325
love,爱；恋爱；爱情,GENERAL,GENERAL,326
process,程序；进行；过程,GENERAL,GENERAL,327
music,音乐；乐曲,GENERAL,GENERAL,328
including,包含；包括,GENERAL,GENERAL,329
consider,考虑；思考；认为,GENERAL,GENERAL,330
appear,出现；显得；来到,GENERAL,GENERAL,331
actually,事实上；竟然；如今,GENERAL,GENERAL,332
buy,买；获得,FOOD_LIFE,SUPERMARKET,333
probably,大概；或许,GENERAL,GENERAL,334
human,人；人类,GENERAL,GENERAL,335
wait,等待；等候,GENERAL,GENERAL,336
serve,可作...用；服务；经历,GENERAL,GENERAL,337
market,市场；交易；集市,FOOD_LIFE,SUPERMARKET,338
die,死亡；消逝；平息,GENERAL,GENERAL,339
send,发送；使进入；寄,GENERAL,GENERAL,340
expect,预期；盼望；期待,GENERAL,GENERAL,341
sense,感应；感觉；感官,GENERAL,GENERAL,342
build,建立；建筑,GENERAL,GENERAL,343
stay,停留；逗留；制止,GENERAL,GENERAL,344
fall,落下；瀑布；采伐量,GENERAL,GENERAL,345
oh,interj. (表示惊讶、恐怖、赞叹)哦,GENERAL,GENERAL,346
nation,国家；民族,GENERAL,GENERAL,347
plan,计划；方案；策略,GENERAL,GENERAL,348
cut,切口；割伤；降低,GENERAL,GENERAL,349
college,学院；大学；学会,GENERAL,GENERAL,350
interest,兴趣；嗜好；利息,GENERAL,GENERAL,351
death,死亡,GENERAL,GENERAL,352
course,课程；路线；过程,GENERAL,GENERAL,353
experience,经历；经验；体验,GENERAL,GENERAL,354
behind,在后地,GENERAL,GENERAL,355
reach,伸出；延伸；区域,GENERAL,GENERAL,356
local,地方性的；当地的；局部的,GENERAL,GENERAL,357
remain,保持；逗留；剩余,GENERAL,GENERAL,358
effect,结果；影响；效果,GENERAL,GENERAL,359
suggest,提议；建议；促成,GENERAL,GENERAL,360
class,班级；阶级；种类,SCHOOL,SCHOOL,361
control,控制；管理；克制,GENERAL,GENERAL,362
raise,上升；高地；增高,GENERAL,GENERAL,363
care,小心；照料；忧虑,GENERAL,GENERAL,364
perhaps,也许；大概,GENERAL,GENERAL,365
late,迟的；晚的；已故的,GENERAL,GENERAL,366
hard,坚硬的；硬的；难的,GENERAL,GENERAL,367
field,领域；田地；场地,GENERAL,GENERAL,368
else,别的；其他的,GENERAL,GENERAL,369
pass,经过；要隘；途径,GENERAL,GENERAL,370
former,从前的；前者的,GENERAL,GENERAL,371
sell,卖；背叛；销售,GENERAL,GENERAL,372
major,主修课；成年人；陆军少校,GENERAL,GENERAL,373
sometimes,有时；时常；往往,GENERAL,GENERAL,374
require,需要；命令；要求,GENERAL,GENERAL,375
along,平行地；向前,GENERAL,GENERAL,376
development,发展,GENERAL,GENERAL,377
themselves,他们自己；她们自己；它们自己,GENERAL,GENERAL,378
report,报告；报道；传说,GENERAL,GENERAL,379
role,角色；职责；任务,GENERAL,GENERAL,380
better,较好的,GENERAL,GENERAL,381
economic,经济上的；实用的；节省的,GENERAL,GENERAL,382
effort,努力；成就,GENERAL,GENERAL,383
decide,决定；判决,GENERAL,GENERAL,384
rate,比率；率；速度,GENERAL,GENERAL,385
strong,强壮的；坚固的；坚强的,GENERAL,GENERAL,386
possible,可能的；潜在的；合适的,GENERAL,GENERAL,387
heart,心；心脏；中心,BODY,BODY,388
leader,领导者；社论；指挥,GENERAL,GENERAL,389
light,光；光亮；灯,HOME,HOME,390
voice,声音；嗓音；嗓子,GENERAL,GENERAL,391
wife,妻子；太太；夫人,FAMILY,FAMILY,392
whole,全部；全体；整体,GENERAL,GENERAL,393
police,警察；警察当局；治安,GENERAL,GENERAL,394
mind,思想；愿望；智力,GENERAL,GENERAL,395
finally,最后；终于,GENERAL,GENERAL,396
pull,拉；拖；拔,GENERAL,GENERAL,397
return,回来；返回；来回票,GENERAL,GENERAL,398
free,自由的；享受政治权力的；允许的,GENERAL,GENERAL,399
military,军队,GENERAL,GENERAL,400
price,价格；代价；价值,FOOD_LIFE,SUPERMARKET,401
less,较少；较小,GENERAL,GENERAL,402
decision,决定；决心；决断,GENERAL,GENERAL,403
explain,解释；说明,GENERAL,GENERAL,404
son,儿子；女婿；子孙,FAMILY,FAMILY,405
hope,希望；信心；期待,GENERAL,GENERAL,406
develop,发展；使发达；进步,GENERAL,GENERAL,407
view,视野；风景；见解,GENERAL,GENERAL,408
relationship,关系；关联,GENERAL,GENERAL,409
carry,进位；射程；运载,GENERAL,GENERAL,410
town,城镇；市；镇,GENERAL,GENERAL,411
road,路；道路；公路,TRANSPORT,TRANSPORT,412
drive,驾车；快车道；推进力,TRANSPORT,TRANSPORT,413
arm,手臂；袖子；狭长港湾,BODY,BODY,414
true,真实的；正确的；忠诚的,GENERAL,GENERAL,415
federal,联邦的；联合的；同盟的,GENERAL,GENERAL,416
break,休息；中断；破裂处,GENERAL,GENERAL,417
difference,不同；差异,GENERAL,GENERAL,418
receive,收到；接到；得到,GENERAL,GENERAL,419
thank,谢意；感谢,GENERAL,GENERAL,420
value,价值；价格；购买力,GENERAL,GENERAL,421
international,国际的,GENERAL,GENERAL,422
building,建筑物；建筑,GENERAL,GENERAL,423
action,行动；活动；动作,GENERAL,GENERAL,424
full,全部；完整,GENERAL,GENERAL,425
model,模型；模范；模特儿,GENERAL,GENERAL,426
join,参加；结合；加入,GENERAL,GENERAL,427
season,季节；时节；当令期,GENERAL,GENERAL,428
society,社会；社交界；交往,GENERAL,GENERAL,429
tax,税；税款；重负,GENERAL,GENERAL,430
director,主管；导演；董事,GENERAL,GENERAL,431
position,位置；地位；身分,GENERAL,GENERAL,432
player,竞赛者；上场队员；游戏者,GENERAL,GENERAL,433
agree,同意；赞成；应允,GENERAL,GENERAL,434
especially,尤其；特别；格外,GENERAL,GENERAL,435
record,记录；履历；档案,GENERAL,GENERAL,436
pick,精选；选择；掘,GENERAL,GENERAL,437
wear,穿着；戴；使用,GENERAL,GENERAL,438
paper,纸；文件；文章,SCHOOL,SCHOOL,439
special,专辑；专车；号外,GENERAL,GENERAL,440
space,位置；空间；距离,GENERAL,GENERAL,441
ground,土地；战场；场地,GENERAL,GENERAL,442
form,形状；形体；类型,GENERAL,GENERAL,443
support,支持；支撑；援助,GENERAL,GENERAL,444
event,事件；结果；事情的进程,GENERAL,GENERAL,445
official,官员；公务员；职员,GENERAL,GENERAL,446
whose,谁的,GENERAL,GENERAL,447
matter,事件；物质；原因,GENERAL,GENERAL,448
everyone,每个人；人人,GENERAL,GENERAL,449
couple,对；夫妇；数个,GENERAL,GENERAL,450
site,位置；场所；地点,GENERAL,GENERAL,451
project,计划；设计；事业,GENERAL,GENERAL,452
hit,打击；打；冲撞,GENERAL,GENERAL,453
base,底部；垒；基础,GENERAL,GENERAL,454
activity,活动；行动；活跃,GENERAL,GENERAL,455
star,星；恒星；星形物,GENERAL,GENERAL,456
table,桌子；餐桌；工作台,HOME,HOME,457
produce,生产品；物产；后代,GENERAL,GENERAL,458
eat,吃；腐蚀,GENERAL,GENERAL,459
teach,教；讲授；教导,GENERAL,GENERAL,460
oil,油；石油；油画颜料,GENERAL,GENERAL,461
half,一半；半场；不完全,GENERAL,GENERAL,462
situation,情形；境遇；位置,GENERAL,GENERAL,463
easy,容易的；缓缓的；舒适的,GENERAL,GENERAL,464
cost,代价；价值；费用,FOOD_LIFE,SUPERMARKET,465
industry,勤劳；工业；企业,GENERAL,GENERAL,466
figure,数字；价格；图形,GENERAL,GENERAL,467
street,街道；马路；街区,GENERAL,GENERAL,468
image,影像；肖像；想象,GENERAL,GENERAL,469
itself,它本身；它自己,GENERAL,GENERAL,470
phone,电话；受话器；耳机,GENERAL,GENERAL,471
either,(两者之中)任一的；(两者之中)各一的,GENERAL,GENERAL,472
data,pl. 资料；数据,GENERAL,GENERAL,473
cover,盖子；封面；借口,GENERAL,GENERAL,474
quite,相当；完全；十分,GENERAL,GENERAL,475
picture,图画；照片；景色,GENERAL,GENERAL,476
clear,清楚的；明确的；澄清的,GENERAL,GENERAL,477
practice,实践；练习；实行,GENERAL,GENERAL,478
piece,块；片；篇,GENERAL,GENERAL,479
land,陆地；地面；地界,GENERAL,GENERAL,480
recent,最近的；近代的；最新的,GENERAL,GENERAL,481
describe,描述；描绘；画,GENERAL,GENERAL,482
product,产品；结果；乘积,GENERAL,GENERAL,483
doctor,医生；博士,GENERAL,GENERAL,484
wall,墙；墙壁；垣,HOME,HOME,485
patient,病人；承受者,GENERAL,GENERAL,486
worker,工人；劳动者,GENERAL,GENERAL,487
news,新闻；消息；报导,GENERAL,GENERAL,488
test,测试；试验；化验,SCHOOL,SCHOOL,489
movie,电影,GENERAL,GENERAL,490
certain,确定的；某一个的；必然的,GENERAL,GENERAL,491
north,北方；北,GENERAL,GENERAL,492
personal,私人的；涉及隐私的；有人性的,GENERAL,GENERAL,493
simply,简单地；只是；简直,GENERAL,GENERAL,494
technology,技术；工业技术；术语,GENERAL,GENERAL,495
catch,捕捉；陷阱；捕捉之物,GENERAL,GENERAL,496
step,步骤；步；步幅,GENERAL,GENERAL,497
baby,婴孩,FAMILY,FAMILY,498
computer,电脑；电子计算机,GENERAL,GENERAL,499
type,类型；样式；典型,GENERAL,GENERAL,500
attention,注意；注意力,GENERAL,GENERAL,501
draw,拉；拖；拔剑,SCHOOL,SCHOOL,502
film,软片；薄膜；胶卷,GENERAL,GENERAL,503
organization,组织；结构；团体,GENERAL,GENERAL,504
tree,树；木料；树状物,OUTDOOR,OUTDOOR,505
source,来源；水源；根源,GENERAL,GENERAL,506
red,红的；红色的；红肿的,GENERAL,GENERAL,507
nearly,几乎；密切地,GENERAL,GENERAL,508
choose,选择；宁愿；欲,GENERAL,GENERAL,509
cause,原因；目标,GENERAL,GENERAL,510
hair,头发；毛发；些微,BODY,BODY,511
century,世纪；百年,GENERAL,GENERAL,512
evidence,根据；证据；迹象,GENERAL,GENERAL,513
window,窗户；窗子；窗口,HOME,HOME,514
difficult,困难的,GENERAL,GENERAL,515
listen,听；倾听；听从,GENERAL,GENERAL,516
soon,不久；早；快,GENERAL,GENERAL,517
culture,文化；修养；耕种,GENERAL,GENERAL,518
chance,机会；意外；可能性,GENERAL,GENERAL,519
brother,兄弟,FAMILY,FAMILY,520
energy,精力；精神；活力,GENERAL,GENERAL,521
realize,了解；实现；使显得逼真,GENERAL,GENERAL,522
period,时期；节段；节,GENERAL,GENERAL,523
summer,夏季；全盛时期,GENERAL,GENERAL,524
available,可利用的；可获得的；有效的,GENERAL,GENERAL,525
plant,植物；作物；工厂,GENERAL,GENERAL,526
likely,有可能的；合适的；前途有望的,GENERAL,GENERAL,527
opportunity,机会；时机,GENERAL,GENERAL,528
term,术语；专有名词；期限,GENERAL,GENERAL,529
letter,信；字母；证书,GENERAL,GENERAL,530
condition,情况；条件,GENERAL,GENERAL,531
choice,选择；精选品；选择权,GENERAL,GENERAL,532
single,单身的；单程的；单一的,GENERAL,GENERAL,533
rule,规则；统治；控制,GENERAL,GENERAL,534
daughter,女儿,FAMILY,FAMILY,535
south,南方；南,GENERAL,GENERAL,536
husband,丈夫；管理人；节俭的人,FAMILY,FAMILY,537
floor,地板；楼层；底部,HOME,HOME,538
campaign,战役；运动；竞选运动,GENERAL,GENERAL,539
material,材料；物资；素材,GENERAL,GENERAL,540
population,人口；人口数,GENERAL,GENERAL,541
economy,经济；理财；节约,GENERAL,GENERAL,542
medical,医生；体格检查,GENERAL,GENERAL,543
hospital,医院,GENERAL,GENERAL,544
church,教堂；礼拜；教会,GENERAL,GENERAL,545
close,结束；完结,GENERAL,GENERAL,546
risk,冒险；危险；保险额,GENERAL,GENERAL,547
current,涌流；趋势；流,GENERAL,GENERAL,548
future,未来；将来,GENERAL,GENERAL,549
wrong,错误的；不正当的；失常的,GENERAL,GENERAL,550
involve,包括；使陷于；潜心于,GENERAL,GENERAL,551
anyone,任何人,GENERAL,GENERAL,552
increase,增加；增进；利益,GENERAL,GENERAL,553
security,安全；安全性；防护物,GENERAL,GENERAL,554
myself,我自己；我亲自；我独自,GENERAL,GENERAL,555
certainly,确定地,GENERAL,GENERAL,556
west,西方；西部,GENERAL,GENERAL,557
sport,运动；游戏；娱乐,OUTDOOR,OUTDOOR,558
board,木板；甲板；膳食,GENERAL,GENERAL,559
seek,寻求；寻找；探索,GENERAL,GENERAL,560
subject,科目；主题；臣民,GENERAL,GENERAL,561
officer,军官；主管；官员,GENERAL,GENERAL,562
private,私人的；秘密的；私立的,GENERAL,GENERAL,563
rest,休息；睡眠；安息,GENERAL,GENERAL,564
deal,交易；协定；数量,GENERAL,GENERAL,565
performance,施行；工作情况；成绩,GENERAL,GENERAL,566
fight,打架；争吵；斗志,GENERAL,GENERAL,567
throw,投；掷；抛,GENERAL,GENERAL,568
top,顶部；顶端；极点,GENERAL,GENERAL,569
past,过去；昔时；往事,GENERAL,GENERAL,570
goal,目标；终点；得分,GENERAL,GENERAL,571
bed,床；睡眠处；河床,HOME,HOME,572
order,次序；规则；命令,GENERAL,GENERAL,573
author,作家；作家的著作；创始人,GENERAL,GENERAL,574
fill,装满；填充；弥漫,GENERAL,GENERAL,575
represent,表现；表示；描绘,GENERAL,GENERAL,576
focus,焦点；焦距,GENERAL,GENERAL,577
drop,滴；微量；落下,GENERAL,GENERAL,578
blood,血；血统；流血,GENERAL,GENERAL,579
upon,在...之上；迫近；紧接着,GENERAL,GENERAL,580
agency,代理机构；经销商；中介,GENERAL,GENERAL,581
push,推；推动；奋斗,GENERAL,GENERAL,582
nature,自然；大自然；本性,GENERAL,GENERAL,583
recently,最近,GENERAL,GENERAL,584
store,商店；贮藏；仓库,FOOD_LIFE,SUPERMARKET,585
reduce,减少；分解；降低,GENERAL,GENERAL,586
note,笔记；记录；注解,GENERAL,GENERAL,587
fine,罚款；罚金；晴天,GENERAL,GENERAL,588
near,近的；近亲的；近似的,GENERAL,GENERAL,589
movement,运动；动作；运转,GENERAL,GENERAL,590
page,页；记录；事件,GENERAL,GENERAL,591
enter,进入；参加；开始,GENERAL,GENERAL,592
share,部分；参与；一份,GENERAL,GENERAL,593
poor,贫穷的；贫乏的；不幸的,GENERAL,GENERAL,594
natural,白痴,GENERAL,GENERAL,595
race,种族；人种；赛跑,GENERAL,GENERAL,596
concern,关心；忧虑,GENERAL,GENERAL,597
series,串联；序列；连续,GENERAL,GENERAL,598
significant,重要的；有效的；有含义的,GENERAL,GENERAL,599
similar,相似的；类似的,GENERAL,GENERAL,600
hot,热的；热心的；辣的,GENERAL,GENERAL,601
language,语言；文字；措辞,GENERAL,GENERAL,602
usually,通常；大抵,GENERAL,GENERAL,603
response,反应；回答；响应,GENERAL,GENERAL,604
dead,死的；不活泼的；麻木的,GENERAL,GENERAL,605
rise,上升；增加；上涨,GENERAL,GENERAL,606
animal,动物,ANIMAL,ANIMAL,607
factor,因素；因数；系数,GENERAL,GENERAL,608
decade,十年；十,GENERAL,GENERAL,609
tv,电视,GENERAL,GENERAL,610
article,文章；冠词；物品,GENERAL,GENERAL,611
east,东方；东,GENERAL,GENERAL,612
save,救球,GENERAL,GENERAL,613
artist,艺术家；画家,GENERAL,GENERAL,614
scene,场；情景；镜头,GENERAL,GENERAL,615
stock,树干；祖先；血统,GENERAL,GENERAL,616
career,事业；生涯；成功,GENERAL,GENERAL,617
despite,轻视；憎恨,GENERAL,GENERAL,618
central,中央的；重要的,GENERAL,GENERAL,619
thus,如此；因此；到如此程度,GENERAL,GENERAL,620
treatment,治疗；待遇；处理,GENERAL,GENERAL,621
beyond,超过；在那一边；迟于,GENERAL,GENERAL,622
happy,快乐的；幸福的；愉快的,GENERAL,GENERAL,623
exactly,确切地；精确地；恰好,GENERAL,GENERAL,624
protect,防卫；保护；警戒,GENERAL,GENERAL,625
approach,接近；入门,GENERAL,GENERAL,626
lie,谎言；假象；位置,GENERAL,GENERAL,627
size,大小；尺寸；规模,GENERAL,GENERAL,628
dog,狗；坏蛋,ANIMAL,ANIMAL,629
fund,基金；资金；存款,GENERAL,GENERAL,630
serious,严肃的；认真的；重要的,GENERAL,GENERAL,631
occur,发生；被想到；存在,GENERAL,GENERAL,632
media,媒体,GENERAL,GENERAL,633
ready,预备好的状态；现款,GENERAL,GENERAL,634
sign,符号；招牌；征兆,GENERAL,GENERAL,635
thought,想法；思想；思维,GENERAL,GENERAL,636
list,目录；名单；明细表,GENERAL,GENERAL,637
individual,人；个人；个体,GENERAL,GENERAL,638
simple,简单的；普通的；朴素的,GENERAL,GENERAL,639
quality,品质；特性；才能,GENERAL,GENERAL,640
pressure,压；榨；按,GENERAL,GENERAL,641
accept,接受；承认；同意,GENERAL,GENERAL,642
answer,答案；回答；回报,SCHOOL,SCHOOL,643
resource,资源；财力；办法,GENERAL,GENERAL,644
identify,识别；认为...等同于；确定,GENERAL,GENERAL,645
left,左边的；左倾的；左侧的,GENERAL,GENERAL,646
meeting,会议；会面,GENERAL,GENERAL,647
determine,决定；决心,GENERAL,GENERAL,648
prepare,准备；筹备；使在思想上有准备,GENERAL,GENERAL,649
disease,疾病；弊病,GENERAL,GENERAL,650
whatever,无论什么,GENERAL,GENERAL,651
success,成功；成就；胜利,GENERAL,GENERAL,652
argue,提出理由；争论；辩论,GENERAL,GENERAL,653
recognize,认出；认可；承认,GENERAL,GENERAL,654
cup,杯子；茶杯；优胜杯,FOOD_LIFE,KITCHEN,655
particularly,特别；格外；尤其,GENERAL,GENERAL,656
amount,总数；总额,GENERAL,GENERAL,657
ability,能力；才干,GENERAL,GENERAL,658
staff,全体人员；工作班子；棍棒,GENERAL,GENERAL,659
indicate,显示；象征；指示,GENERAL,GENERAL,660
character,个性；字符；人物,GENERAL,GENERAL,661
growth,生长；栽培；增长,GENERAL,GENERAL,662
loss,损失；遗失；失败,GENERAL,GENERAL,663
degree,程度；度数；学位,GENERAL,GENERAL,664
wonder,奇迹；惊奇；惊愕,GENERAL,GENERAL,665
attack,攻击；抨击,GENERAL,GENERAL,666
herself,她自己；她亲自,GENERAL,GENERAL,667
region,区域；地带；地区,GENERAL,GENERAL,668
television,电视,HOME,HOME,669
box,盒子；箱；方框,GENERAL,GENERAL,670
pretty,漂亮的；优美的；机灵的,GENERAL,GENERAL,671
trade,贸易；商业；交易,GENERAL,GENERAL,672
election,选举；当选；选择权,GENERAL,GENERAL,673
physical,身体的；物质的；自然的,GENERAL,GENERAL,674
lay,放置；产；铺设,GENERAL,GENERAL,675
general,一般；将军；大体,GENERAL,GENERAL,676
feeling,摸；触觉；知觉,GENERAL,GENERAL,677
standard,标准；规格；旗,GENERAL,GENERAL,678
message,消息；通讯；讯息,GENERAL,GENERAL,679
fail,失败；缺乏；中断,GENERAL,GENERAL,680
outside,外面；外表；外界,GENERAL,GENERAL,681
arrive,到达；抵达,GENERAL,GENERAL,682
analysis,分析,GENERAL,GENERAL,683
benefit,利益,GENERAL,GENERAL,684
forward,向前的；早的；迅速的,GENERAL,GENERAL,685
lawyer,律师,GENERAL,GENERAL,686
section,区段；部分；区域,GENERAL,GENERAL,687
environmental,周围的；环境的,GENERAL,GENERAL,688
glass,玻璃；玻璃杯；透镜,FOOD_LIFE,KITCHEN,689
skill,技术；技巧；技能,GENERAL,GENERAL,690
sister,姐妹；姐；妹,FAMILY,FAMILY,691
professor,教授,GENERAL,GENERAL,692
operation,操作；动作；手术,GENERAL,GENERAL,693
financial,财政的；金融的,GENERAL,GENERAL,694
crime,犯罪；罪行；罪恶,GENERAL,GENERAL,695
stage,阶段；舞台；场所,GENERAL,GENERAL,696
compare,比较；比喻；对照,GENERAL,GENERAL,697
authority,权力；当权者；当局,GENERAL,GENERAL,698
miss,失误；避免；失败,GENERAL,GENERAL,699
design,设计；图样；方案,GENERAL,GENERAL,700
sort,种类；方式；品质,GENERAL,GENERAL,701
act,行动；行为；幕,GENERAL,GENERAL,702
knowledge,知识；学问；认识,GENERAL,GENERAL,703
station,车站；站；局,TRANSPORT,TRANSPORT,704
blue,蓝色,GENERAL,GENERAL,705
strategy,战略；策略,GENERAL,GENERAL,706
discuss,讨论；论述,GENERAL,GENERAL,707
indeed,的确；实在；真正地,GENERAL,GENERAL,708
truth,事实；实情,GENERAL,GENERAL,709
song,歌；曲；鸣声,GENERAL,GENERAL,710
example,例子；样本；实例,GENERAL,GENERAL,711
check,检查；支票；阻止物,GENERAL,GENERAL,712
environment,环境；外界；围绕,GENERAL,GENERAL,713
leg,腿；假腿；路程,BODY,BODY,714
dark,黑暗；夜；黄昏,GENERAL,GENERAL,715
various,不同的；各种的；多方面的,GENERAL,GENERAL,716
rather,宁可；稍微；相当,GENERAL,GENERAL,717
laugh,笑；笑声,GENERAL,GENERAL,718
guess,猜测；臆测,GENERAL,GENERAL,719
executive,执行部门；执行委员会；执行者,GENERAL,GENERAL,720
prove,证明；查验；检验,GENERAL,GENERAL,721
hang,悬挂；诀窍；意义,GENERAL,GENERAL,722
entire,整个；全部,GENERAL,GENERAL,723
rock,岩石；岩礁；石头,GENERAL,GENERAL,724
forget,忘记；忽略；忘,GENERAL,GENERAL,725
claim,要求；要求权；断言,GENERAL,GENERAL,726
remove,移动；调动；除去,GENERAL,GENERAL,727
manager,经理；管理员；管理器,GENERAL,GENERAL,728
enjoy,享受；喜欢；欣赏,GENERAL,GENERAL,729
network,网络；广播网；网状物,GENERAL,GENERAL,730
legal,法律的；法定的；合法的,GENERAL,GENERAL,731
religious,宗教性的；虔诚的；宗教上的,GENERAL,GENERAL,732
cold,感冒；寒冷,GENERAL,GENERAL,733
final,期末考试；结局；决赛,GENERAL,GENERAL,734
main,主要部分；干线；体力,GENERAL,GENERAL,735
science,科学；学科；学问,GENERAL,GENERAL,736
green,绿色；绿色颜料,GENERAL,GENERAL,737
memory,记忆；记忆力；回忆,GENERAL,GENERAL,738
card,卡片；纸牌；节目单,GENERAL,GENERAL,739
above,在上方；超出,GENERAL,GENERAL,740
seat,座；座位；位子,GENERAL,GENERAL,741
cell,单元；细胞；电池,GENERAL,GENERAL,742
establish,建立；确立；制定,GENERAL,GENERAL,743
nice,美好的；和蔼的；正派的,GENERAL,GENERAL,744
trial,审判；试验；艰苦,GENERAL,GENERAL,745
expert,专家；行家,GENERAL,GENERAL,746
spring,春天；弹簧；跳跃,GENERAL,GENERAL,747
firm,公司；商号,GENERAL,GENERAL,748
radio,无线电；收音机；无线电报,GENERAL,GENERAL,749
visit,拜访；访问；游览,GENERAL,GENERAL,750
management,经营；支配；管理,GENERAL,GENERAL,751
avoid,避免；防止；撤消,GENERAL,GENERAL,752
imagine,想像；设想；猜测,GENERAL,GENERAL,753
tonight,今晚；今夜,GENERAL,GENERAL,754
huge,极大的；巨大的；无限的,GENERAL,GENERAL,755
ball,球；舞会；球状物,GENERAL,GENERAL,756
yourself,你自己,GENERAL,GENERAL,757
finish,完成；结束；末道漆,GENERAL,GENERAL,758
theory,理论；学说；原理,GENERAL,GENERAL,759
impact,冲击；冲突；影响,GENERAL,GENERAL,760
respond,以...回答,GENERAL,GENERAL,761
statement,陈述；指令；声明,GENERAL,GENERAL,762
maintain,维持；维修；保持,GENERAL,GENERAL,763
charge,指控；费用；冲锋,GENERAL,GENERAL,764
popular,通俗的；流行的；受欢迎的,GENERAL,GENERAL,765
traditional,传统的；惯例的,GENERAL,GENERAL,766
onto,在...之上,GENERAL,GENERAL,767
reveal,露出；显示；透露,GENERAL,GENERAL,768
direction,方向；指导；趋势,GENERAL,GENERAL,769
employee,职员；员工；受雇人员,GENERAL,GENERAL,770
contain,包含；容纳；控制,GENERAL,GENERAL,771
cultural,文化的；教养的；修养的,GENERAL,GENERAL,772
mrs,太太,GENERAL,GENERAL,773
peace,和平；和约；治安,GENERAL,GENERAL,774
pain,痛苦；疼痛；辛苦,GENERAL,GENERAL,775
apply,涂；应用,GENERAL,GENERAL,776
wide,宽的；广阔的；普遍的,GENERAL,GENERAL,777
measure,尺寸；量度器；量度标准,GENERAL,GENERAL,778
shake,摇动；震动,GENERAL,GENERAL,779
fly,苍蝇；两翼昆虫；飞行,ANIMAL,ANIMAL|TRANSPORT,780
interview,面谈；访问；接见,GENERAL,GENERAL,781
manage,处理,GENERAL,GENERAL,782
chair,椅子；显要的席位；主席,HOME,HOME,783
fish,鱼；鱼肉；鱼类,ANIMAL,KITCHEN|ANIMAL|SUPERMARKET,784
particular,一项(或条、点)；个别项目；详细说明,GENERAL,GENERAL,785
camera,照相机；摄影机；密谈室,GENERAL,GENERAL,786
structure,结构；构造；建筑物,GENERAL,GENERAL,787
politics,政治；政治学；政见,GENERAL,GENERAL,788
bit,少量；马嚼子；辅币,GENERAL,GENERAL,789
perform,进行；履行；完成,GENERAL,GENERAL,790
weight,重；重量；体重,GENERAL,GENERAL,791
suddenly,突然；意外；忽然,GENERAL,GENERAL,792
discover,发现；找到；暴露,GENERAL,GENERAL,793
candidate,候选人；投考者,GENERAL,GENERAL,794
production,制造；生产；产物,GENERAL,GENERAL,795
treat,宴请；款待,GENERAL,GENERAL,796
evening,傍晚；晚间；末期,GENERAL,GENERAL,797
trip,旅行；绊倒；摔倒,GENERAL,GENERAL,798
affect,影响；感动；假装,GENERAL,GENERAL,799
inside,内部；内脏；内幕,GENERAL,GENERAL,800
conference,会议,GENERAL,GENERAL,801
unit,单位；分队；部队,GENERAL,GENERAL,802
style,风格；时尚；文体,GENERAL,GENERAL,803
adult,成人；成虫,GENERAL,GENERAL,804
worry,担心；烦恼；忧虑,GENERAL,GENERAL,805
mention,提到；言及；陈述,GENERAL,GENERAL,806
range,排；行；山脉,GENERAL,GENERAL,807
deep,深的,GENERAL,GENERAL,808
edge,边缘；尖锐；刀刃,GENERAL,GENERAL,809
specific,特效药；特性,GENERAL,GENERAL,810
trouble,烦恼；麻烦；困难,GENERAL,GENERAL,811
necessary,必要的；必然的；必需的,GENERAL,GENERAL,812
throughout,到处；贯穿全部地；自始至终,GENERAL,GENERAL,813
challenge,挑战；盘问,GENERAL,GENERAL,814
fear,恐怖；害怕；担心,GENERAL,GENERAL,815
shoulder,肩；肩膀；衣肩,BODY,BODY,816
institution,机构；惯例；制度,GENERAL,GENERAL,817
middle,中央；中间；腰部,GENERAL,GENERAL,818
sea,海；海洋；海浪,OUTDOOR,OUTDOOR,819
dream,梦；空想；愿望,GENERAL,GENERAL,820
bar,条；棒；酒吧,GENERAL,GENERAL,821
beautiful,美丽的,GENERAL,GENERAL,822
property,财产；所有权；性质,GENERAL,GENERAL,823
instead,作为替代；反而,GENERAL,GENERAL,824
improve,改良；提高...的价值；改善,GENERAL,GENERAL,825
stuff,原料；要素；东西,GENERAL,GENERAL,826
detail,细节；详情,GENERAL,GENERAL,827
method,方法；办法；条理,GENERAL,GENERAL,828
somebody,了不起的人；大人物,GENERAL,GENERAL,829
magazine,杂志；仓库；弹盒,GENERAL,GENERAL,830
hotel,旅馆；客栈,GENERAL,GENERAL,831
soldier,军人；士兵；兵蚁,GENERAL,GENERAL,832
reflect,反射；反映；招致,GENERAL,GENERAL,833
heavy,重的；巨大的；沉重的,GENERAL,GENERAL,834
bag,袋子；袋状物,FOOD_LIFE,SCHOOL|SUPERMARKET,835
heat,热；热度；体温,GENERAL,GENERAL,836
marriage,婚姻；结婚；婚礼,GENERAL,GENERAL,837
tough,恶棍,GENERAL,GENERAL,838
sing,唱；唱歌；演唱,GENERAL,GENERAL,839
purpose,目的；意向；决心,GENERAL,GENERAL,840
surface,面；表面；水面,GENERAL,GENERAL,841
exist,存在；生存；发生,GENERAL,GENERAL,842
pattern,模范；典型；式样,GENERAL,GENERAL,843
whom,谁,GENERAL,GENERAL,844
skin,皮肤；皮,BODY,BODY,845
agent,代理商；政府代表；动原,GENERAL,GENERAL,846
owner,拥有者；物主；所有人,GENERAL,GENERAL,847
machine,机器；机械装置；机构,GENERAL,GENERAL,848
gas,气体；汽油；瓦斯,GENERAL,GENERAL,849
ahead,领先的；预先的；向前的,GENERAL,GENERAL,850
generation,一代；一世；产生,GENERAL,GENERAL,851
commercial,商业的；商用的；商品化的,GENERAL,GENERAL,852
address,住址；演说；举止,GENERAL,GENERAL,853
cancer,癌；恶性肿瘤,GENERAL,GENERAL,854
item,项目；条款；一则,GENERAL,GENERAL,855
reality,实在；事实；实体,GENERAL,GENERAL,856
coach,四轮大马车；教练,GENERAL,GENERAL,857
yard,码；庭院；工场,GENERAL,GENERAL,858
beat,心跳(声)；打；敲打声,GENERAL,GENERAL,859
violence,猛烈；暴力；暴虐,GENERAL,GENERAL,860
total,全体的；总的；全然的,GENERAL,GENERAL,861
tend,走向；有某种的倾向；易于,GENERAL,GENERAL,862
investment,投资,GENERAL,GENERAL,863
discussion,讨论,GENERAL,GENERAL,864
finger,手指；指状物；(手套的)手指部分,BODY,BODY,865
garden,花园；果园；菜园,HOME,HOME|OUTDOOR,866
notice,注意；布告；通知,GENERAL,GENERAL,867
collection,收集；采集；(一批)收藏品,GENERAL,GENERAL,868
modern,现代人；有思想的人,GENERAL,GENERAL,869
task,工作；任务；作业,GENERAL,GENERAL,870
partner,合伙人；股东；伙伴,GENERAL,GENERAL,871
positive,肯定的；积极的；有把握的,GENERAL,GENERAL,872
civil,市民的；公民的；有礼貌的,GENERAL,GENERAL,873
kitchen,厨房；全套炊具,FOOD_LIFE,KITCHEN|HOME,874
consumer,消费者,GENERAL,GENERAL,875
shot,发射；炮弹；射击,GENERAL,GENERAL,876
budget,预算,GENERAL,GENERAL,877
wish,希望；愿望；祝愿,GENERAL,GENERAL,878
painting,画；绘画；油漆,GENERAL,GENERAL,879
scientist,科学家,GENERAL,GENERAL,880
safe,保险箱；冷藏室,GENERAL,GENERAL,881
agreement,同意；合约；协议,GENERAL,GENERAL,882
mouth,嘴；口；口腔,BODY,BODY,883
capital,首都；大写字母；资本,GENERAL,GENERAL,884
nor,也不；也没有,GENERAL,GENERAL,885
victim,受害人；牺牲者；牺牲品,GENERAL,GENERAL,886
newspaper,报纸,GENERAL,GENERAL,887
threat,恐吓；恶兆；威胁,GENERAL,GENERAL,888
responsibility,责任；职责；负担,GENERAL,GENERAL,889
smile,微笑；喜色；笑容,GENERAL,GENERAL,890
attorney,代理人；律师,GENERAL,GENERAL,891
score,得分；抓痕；二十个,GENERAL,GENERAL,892
account,报告；解释；估价,GENERAL,GENERAL,893
interesting,有趣的,GENERAL,GENERAL,894
audience,听众；观众；读者,GENERAL,GENERAL,895
rich,富裕的；富饶的；浓厚的,GENERAL,GENERAL,896
dinner,晚餐；正餐；宴会,FOOD_LIFE,KITCHEN,897
vote,投票；选举；选票,GENERAL,GENERAL,898
relate,讲；叙述；使互相关联,GENERAL,GENERAL,899
travel,旅行；游历；行进,TRANSPORT,TRANSPORT,900
debate,辩论；讨论,GENERAL,GENERAL,901
prevent,预防；防止；阻止,GENERAL,GENERAL,902
citizen,市民；公民,GENERAL,GENERAL,903
majority,多数；大半,GENERAL,GENERAL,904
none,一点也不；毫不,GENERAL,GENERAL,905
front,前面；开头；前线,GENERAL,GENERAL,906
admit,承认；接受；允许进入,GENERAL,GENERAL,907
assume,假定；承担；呈现,GENERAL,GENERAL,908
wind,风；气息；气味,OUTDOOR,OUTDOOR,909
key,钥匙；键；解答,GENERAL,GENERAL,910
professional,专业人才,GENERAL,GENERAL,911
fast,快速的；紧的,GENERAL,GENERAL,912
alone,孤独的；单独的；独自的,GENERAL,GENERAL,913
customer,消费者,FOOD_LIFE,SUPERMARKET,914
suffer,遭受；经历；忍受,GENERAL,GENERAL,915
speech,演讲；说话；谈话,GENERAL,GENERAL,916
successful,成功的；一帆风顺的；顺利的,GENERAL,GENERAL,917
option,选择权；挑选；选项,GENERAL,GENERAL,918
southern,南方人；男风,GENERAL,GENERAL,919
eventually,最后；终于,GENERAL,GENERAL,920
university,大学,GENERAL,GENERAL,921
fresh,新鲜的；新奇的；另外的,GENERAL,GENERAL,922
forest,森林；林区,OUTDOOR,OUTDOOR,923
video,影像；电视,GENERAL,GENERAL,924
global,通用的；全球的；球形的,GENERAL,GENERAL,925
reform,改革；改正；改造,GENERAL,GENERAL,926
access,通路；入口；接近,GENERAL,GENERAL,927
restaurant,餐馆；饭店,GENERAL,GENERAL,928
judge,法官；裁判员；审判官,GENERAL,GENERAL,929
publish,出版；发行；公开,GENERAL,GENERAL,930
relation,关系；联系；叙述,GENERAL,GENERAL,931
release,释放；发泄；豁免,GENERAL,GENERAL,932
bird,鸟；羽毛球,ANIMAL,ANIMAL|OUTDOOR,933
opinion,意见；评价；主张,GENERAL,GENERAL,934
credit,信用；信任；荣誉,GENERAL,GENERAL,935
critical,批评的；决定性的；危险的,GENERAL,GENERAL,936
corner,角落；转角；窘境,GENERAL,GENERAL,937
concerned,关心的；有关的；参与的,GENERAL,GENERAL,938
recall,回忆；召回；撤消,GENERAL,GENERAL,939
version,一种描述；版本；译文,GENERAL,GENERAL,940
stare,注视；凝视；瞪视,GENERAL,GENERAL,941
safety,安全；保险；平安,GENERAL,GENERAL,942
effective,有效的；有力的；实际的,GENERAL,GENERAL,943
original,最初的；原始的；有创意的,GENERAL,GENERAL,944
income,收入；收益；流入,GENERAL,GENERAL,945
hurt,伤害；创伤；损害,GENERAL,GENERAL,946
immediately,直接地；立刻；立即,GENERAL,GENERAL,947
track,轨迹；足迹；径迹,GENERAL,GENERAL,948
basic,基本原理；要素；基本规律,GENERAL,GENERAL,949
ms,美国微软公司,GENERAL,GENERAL,950
strike,罢工；打击；殴打,GENERAL,GENERAL,951
sky,天空；天色；天堂,OUTDOOR,OUTDOOR,952
freedom,自由；坦率；特权,GENERAL,GENERAL,953
absolutely,完全地；绝对地；确确实实地,GENERAL,GENERAL,954
plane,平面；扁平物；机翼,TRANSPORT,TRANSPORT,955
nobody,小人物；无名小卒,GENERAL,GENERAL,956
achieve,完成；达到,GENERAL,GENERAL,957
object,物体；目标；目的,GENERAL,GENERAL,958
attitude,态度；看法；姿势,GENERAL,GENERAL,959
client,客户；顾客；委托人,GENERAL,GENERAL,960
concept,观念；概念,GENERAL,GENERAL,961
powerful,有力的；有权力的；强大的,GENERAL,GENERAL,962
perfect,完成时,GENERAL,GENERAL,963
therefore,因此；所以,GENERAL,GENERAL,964
conduct,行为；举动；指导,GENERAL,GENERAL,965
announce,宣布；声称；显示,GENERAL,GENERAL,966
conversation,会话；说话；交谈,GENERAL,GENERAL,967
examine,检查；调查；考试,GENERAL,GENERAL,968
touch,触觉；碰；触,GENERAL,GENERAL,969
please,请,GENERAL,GENERAL,970
attend,参加；照料；伴随,GENERAL,GENERAL,971
variety,多样；种类；变种,GENERAL,GENERAL,972
sleep,睡眠；静止；昏迷,GENERAL,GENERAL,973
nuclear,核子的；原子能的；核的,GENERAL,GENERAL,974
press,压；揿；按,GENERAL,GENERAL,975
conflict,战斗；冲突；矛盾,GENERAL,GENERAL,976
spirit,精神；心灵；灵魂,GENERAL,GENERAL,977
replace,代替；替换；放回,GENERAL,GENERAL,978
encourage,鼓励；支持；激励,GENERAL,GENERAL,979
argument,争论；论证；论据,GENERAL,GENERAL,980
camp,露营；帐篷,GENERAL,GENERAL,981
brain,脑,GENERAL,GENERAL,982
feature,面孔的一部分(如眼、口等)；特征；容貌,GENERAL,GENERAL,983
afternoon,午后；下午,GENERAL,GENERAL,984
weekend,周末；周末休假,GENERAL,GENERAL,985
dozen,打；十二个,GENERAL,GENERAL,986
possibility,可能性；可能的事,GENERAL,GENERAL,987
insurance,保险；保险业；保险费,GENERAL,GENERAL,988
department,部门；系；机关,GENERAL,GENERAL,989
battle,战役,GENERAL,GENERAL,990
beginning,开始,GENERAL,GENERAL,991
date,日期；约会；枣椰树,GENERAL,GENERAL,992
generally,通常；逐渐地；普遍地,GENERAL,GENERAL,993
sorry,难过的；悲哀的；遗憾的,GENERAL,GENERAL,994
crisis,危机；危险期；紧要关头,GENERAL,GENERAL,995
complete,完全的；十足的；完成的,GENERAL,GENERAL,996
fan,风扇；迷；狂热者,GENERAL,GENERAL,997
stick,棍；棒；刺,GENERAL,GENERAL,998
define,定义；规定；使明确,GENERAL,GENERAL,999
easily,容易地；轻易地；流利地,GENERAL,GENERAL,1000
hole,孔；洞；穴,GENERAL,GENERAL,1001
element,元件；元素；要素,GENERAL,GENERAL,1002
status,状态；情形；地位,GENERAL,GENERAL,1003
vision,视觉；眼光；视力,GENERAL,GENERAL,1004
normal,常态；标准；正常,GENERAL,GENERAL,1005
ship,船；舰,TRANSPORT,TRANSPORT,1006
stone,石头；宝石；果核,GENERAL,GENERAL,1007
solution,解决；解答；溶液,GENERAL,GENERAL,1008
scale,刻度；衡量；比例,GENERAL,GENERAL,1009
introduce,介绍；引入；采用,GENERAL,GENERAL,1010
attempt,尝试；企图,GENERAL,GENERAL,1011
spot,污点；地点；斑点,GENERAL,GENERAL,1012
lack,缺乏；无；不足,GENERAL,GENERAL,1013
ice,冰；冰淇淋；糖衣,GENERAL,GENERAL,1014
boat,船,TRANSPORT,TRANSPORT,1015
drink,饮料；酒,FOOD_LIFE,KITCHEN,1016
distance,距离；远方；遥远,GENERAL,GENERAL,1017
wood,木材；木制品,GENERAL,GENERAL,1018
truck,卡车；货车；对...进行交易,TRANSPORT,TRANSPORT,1019
handle,柄；把手；把柄,GENERAL,GENERAL,1020
mountain,山；山脉；大堆,OUTDOOR,OUTDOOR,1021
survey,纵览；视察；测量,GENERAL,GENERAL,1022
tradition,传说；传统；交付,GENERAL,GENERAL,1023
winter,冬季；萧条期；衰退期,GENERAL,GENERAL,1024
village,村庄,GENERAL,GENERAL,1025
refuse,拒绝；谢绝,GENERAL,GENERAL,1026
roll,卷；滚动；名单,GENERAL,GENERAL,1027
communication,交流；交通；通讯,GENERAL,GENERAL,1028
screen,幕；银幕；屏风,GENERAL,GENERAL,1029
gain,增益；获得；利润,GENERAL,GENERAL,1030
resident,居民；常驻程序；居住者,GENERAL,GENERAL,1031
hide,兽皮；迹象；躲藏处,GENERAL,GENERAL,1032
gold,黄金；钱财；金块,GENERAL,GENERAL,1033
club,俱乐部；木棍；球棒,GENERAL,GENERAL,1034
farm,农场；农田,GENERAL,GENERAL,1035
potential,潜在性；可能性；潜力,GENERAL,GENERAL,1036
presence,出席；面前；存在,GENERAL,GENERAL,1037
independent,独立自主者；无党派者,GENERAL,GENERAL,1038
district,区域；地方,GENERAL,GENERAL,1039
shape,形状；形态；外形,GENERAL,GENERAL,1040
reader,读者；读物；文选,GENERAL,GENERAL,1041
contract,合约；婚约；契约,GENERAL,GENERAL,1042
crowd,群众；一伙人,GENERAL,GENERAL,1043
express,快车；快递；专使,GENERAL,GENERAL,1044
apartment,房间；公寓,GENERAL,GENERAL,1045
willing,乐意的；自愿的；甘愿的,GENERAL,GENERAL,1046
strength,力量；实力；强度,GENERAL,GENERAL,1047
previous,早先的；前面的；过急的,GENERAL,GENERAL,1048
band,带子；队；乐队,GENERAL,GENERAL,1049
obviously,显而易见地；明显地,GENERAL,GENERAL,1050
horse,马；骑兵；脚架,ANIMAL,ANIMAL,1051
interested,感兴趣的,GENERAL,GENERAL,1052
target,目标；靶子；指标,GENERAL,GENERAL,1053
ride,骑马；乘坐；乘车,TRANSPORT,TRANSPORT,1054
guard,守卫者；警戒；护卫队,GENERAL,GENERAL,1055
demand,要求；需求；需要,GENERAL,GENERAL,1056
deliver,递送；陈述；释放,GENERAL,GENERAL,1057
text,文本；正文；课文,GENERAL,GENERAL,1058
tool,工具；机床；傀儡,GENERAL,GENERAL,1059
wild,荒野；荒地,GENERAL,GENERAL,1060
vehicle,交通工具；车辆；传播媒介,GENERAL,GENERAL,1061
observe,觉察到；遵守；注意到,GENERAL,GENERAL,1062
flight,飞行；射程；逃走,TRANSPORT,TRANSPORT,1063
facility,容易；灵巧；设备,GENERAL,GENERAL,1064
understanding,理解；谅解,GENERAL,GENERAL,1065
average,平均；平均数；一般水平,GENERAL,GENERAL,1066
emerge,浮现；形成；出现,GENERAL,GENERAL,1067
advantage,优点；便利；好处,GENERAL,GENERAL,1068
quick,快的；迅速的；敏捷的,GENERAL,GENERAL,1069
earn,赚得；获得；博得,GENERAL,GENERAL,1070
pound,磅；英镑；重击,GENERAL,GENERAL,1071
basis,基础；主要成分,GENERAL,GENERAL,1072
bright,明亮的；聪明的；鲜明的,GENERAL,GENERAL,1073
operate,操作；运转；动手术,GENERAL,GENERAL,1074
guest,客人；来宾；旅客,GENERAL,GENERAL,1075
sample,样品；范例；样本,GENERAL,GENERAL,1076
contribute,有助于；捐助；投稿,GENERAL,GENERAL,1077
tiny,很少的；微小的,GENERAL,GENERAL,1078
block,街区；木块；石块,GENERAL,GENERAL,1079
protection,保护；防卫；贸易保护制度,GENERAL,GENERAL,1080
settle,有背长椅,GENERAL,GENERAL,1081
feed,饲料；一餐；饲养,GENERAL,GENERAL,1082
collect,收集；聚集；集中,GENERAL,GENERAL,1083
highly,非常；非常赞许地,GENERAL,GENERAL,1084
identity,身份；相同；一致,GENERAL,GENERAL,1085
title,头衔；名称；标题,GENERAL,GENERAL,1086
mostly,大概；大部分；主要,GENERAL,GENERAL,1087
lesson,课；课业；教训,SCHOOL,SCHOOL,1088
faith,信心；信任；忠实,GENERAL,GENERAL,1089
river,河；江,OUTDOOR,OUTDOOR,1090
promote,促进；晋升；创办,GENERAL,GENERAL,1091
living,生活；生计；生存,GENERAL,GENERAL,1092
unless,除非,GENERAL,GENERAL,1093
marry,与...结婚；娶；嫁,GENERAL,GENERAL,1094
tomorrow,明天；未来,GENERAL,GENERAL,1095
technique,技巧；技术；方法,GENERAL,GENERAL,1096
path,路径；小路；道路,GENERAL,GENERAL,1097
ear,耳朵；倾听；听觉,BODY,BODY,1098
shop,商店；工厂；车间,FOOD_LIFE,SUPERMARKET,1099
principle,原则；原理；主义,GENERAL,GENERAL,1100
survive,比...活得长；生存；生还,GENERAL,GENERAL,1101
lift,举起；帮助；昂扬,GENERAL,GENERAL,1102
border,边缘；边境；边界,GENERAL,GENERAL,1103
competition,竞争；竞赛,GENERAL,GENERAL,1104
jump,跳跃；跳动；暴涨,GENERAL,GENERAL,1105
gather,集合；聚集,GENERAL,GENERAL,1106
limit,界限；边界；限度,GENERAL,GENERAL,1107
cry,叫声；哭声；大叫,GENERAL,GENERAL,1108
equipment,装备；设备；才能,GENERAL,GENERAL,1109
worth,价值；财产,GENERAL,GENERAL,1110
associate,同伴；伙伴；关联的事物,GENERAL,GENERAL,1111
warm,暖和的；暖的；温暖的,GENERAL,GENERAL,1112
aspect,外观；方面；面貌,GENERAL,GENERAL,1113
insist,坚持；坚决主张；强调,GENERAL,GENERAL,1114
failure,失败；失败者；不足,GENERAL,GENERAL,1115
annual,年刊；年报,GENERAL,GENERAL,1116
comment,注解；批评；评论,GENERAL,GENERAL,1117
affair,事件；事务；恋爱事件,GENERAL,GENERAL,1118
responsible,有责任的；负责的；责任重大的,GENERAL,GENERAL,1119
procedure,程序；过程；手续,GENERAL,GENERAL,1120
regular,规则的；常例的；有秩序的,GENERAL,GENERAL,1121
spread,传播；散布；伸展,GENERAL,GENERAL,1122
chairman,主席；会长,GENERAL,GENERAL,1123
soft,软的；温和的；柔和的,GENERAL,GENERAL,1124
ignore,不理睬；忽视；驳回,GENERAL,GENERAL,1125
egg,蛋；卵,FOOD_LIFE,KITCHEN|SUPERMARKET,1126
belief,信念；相信；信仰,GENERAL,GENERAL,1127
demonstrate,示范；证明,GENERAL,GENERAL,1128
gift,礼物；赠予；天才,GENERAL,GENERAL,1129
religion,宗教；信仰,GENERAL,GENERAL,1130
review,检讨；复习；回顾,GENERAL,GENERAL,1131
editor,编者；编辑；主笔,GENERAL,GENERAL,1132
engage,答应；从事；交战,GENERAL,GENERAL,1133
coffee,咖啡；咖啡色,FOOD_LIFE,KITCHEN|SUPERMARKET,1134
document,文件；公文；文档,GENERAL,GENERAL,1135
speed,速率；速度；迅速,GENERAL,GENERAL,1136
influence,影响力；权力；势力,GENERAL,GENERAL,1137
anyway,无论如何；至少,GENERAL,GENERAL,1138
commit,委托(托付)；犯罪；指派...作战,GENERAL,GENERAL,1139
threaten,恐吓；威胁；预示...的凶兆,GENERAL,GENERAL,1140
female,女性；女人；雌性动物,GENERAL,GENERAL,1141
youth,年轻；青年时代；青年们,GENERAL,GENERAL,1142
wave,波；波浪；波动,GENERAL,GENERAL,1143
afraid,害怕的；恐怕的；遗憾的,GENERAL,GENERAL,1144
quarter,四分之一；一刻钟；季度,GENERAL,GENERAL,1145
background,背景；背景资料,GENERAL,GENERAL,1146
broad,宽广的；辽阔的；广大的,GENERAL,GENERAL,1147
wonderful,令人惊奇的；奇妙的；极好的,GENERAL,GENERAL,1148
deny,否认；拒绝,GENERAL,GENERAL,1149
apparently,表面上；清楚地；显然地,GENERAL,GENERAL,1150
slightly,些微地；苗条地,GENERAL,GENERAL,1151
reaction,反应；反作用；反动,GENERAL,GENERAL,1152
twice,两次；两倍,GENERAL,GENERAL,1153
suit,套装；诉讼；请求,GENERAL,GENERAL,1154
blow,吹；打击；殴打,GENERAL,GENERAL,1155
construction,建筑；构造；建筑物,GENERAL,GENERAL,1156
intelligence,智力；情报；信息,GENERAL,GENERAL,1157
destroy,破坏；毁坏；消灭,GENERAL,GENERAL,1158
cook,厨子；厨师,FOOD_LIFE,KITCHEN,1159
connection,连接；关系；前后关系,GENERAL,GENERAL,1160
burn,烧；烧毁；烧伤,GENERAL,GENERAL,1161
shoe,鞋；靴；外胎,CLOTHING,CLOTHING,1162
grade,等级；年级；阶段,GENERAL,GENERAL,1163
context,上下文；背景；来龙去脉,GENERAL,GENERAL,1164
committee,委员会,GENERAL,GENERAL,1165
mistake,错误；误会,GENERAL,GENERAL,1166
location,位置；场所；特定区域,GENERAL,GENERAL,1167
clothes,衣服,GENERAL,GENERAL,1168
quiet,安静；闲适；平静,GENERAL,GENERAL,1169
dress,服装；覆盖物,CLOTHING,CLOTHING,1170
promise,诺言；约定的事情；有指望,GENERAL,GENERAL,1171
aware,知道的；有觉悟的,GENERAL,GENERAL,1172
function,官能；职务；功能,GENERAL,GENERAL,1173
bone,骨头；骨；骨制品,GENERAL,GENERAL,1174
active,活跃的；起作用的；积极的,GENERAL,GENERAL,1175
extend,扩充；延伸；伸展,GENERAL,GENERAL,1176
chief,领袖；酋长；长官,GENERAL,GENERAL,1177
combine,(使)联合；(使)结合,GENERAL,GENERAL,1178
wine,葡萄酒；果酒；暗红色,GENERAL,GENERAL,1179
below,在下面,GENERAL,GENERAL,1180
cool,凉爽；凉爽的空气,GENERAL,GENERAL,1181
bus,公共汽车,TRANSPORT,TRANSPORT,1182
hell,地狱；邪恶势力；苦境,GENERAL,GENERAL,1183
dangerous,危险的,GENERAL,GENERAL,1184
remind,提醒；使想起,GENERAL,GENERAL,1185
moral,道德；品行；寓意,GENERAL,GENERAL,1186
united,联合的；团结的；一致的,GENERAL,GENERAL,1187
category,种类；类项,GENERAL,GENERAL,1188
victory,胜利；战胜；克服,GENERAL,GENERAL,1189
academic,学院的；学术的；不切实际的,GENERAL,GENERAL,1190
healthy,健康的；有益健康的；卫生的,GENERAL,GENERAL,1191
negative,否定；否定语；负数,GENERAL,GENERAL,1192
following,下列各项；部下；追随者,GENERAL,GENERAL,1193
historical,历史的；史实的；历史上的,GENERAL,GENERAL,1194
medicine,药；医学；内科,GENERAL,GENERAL,1195
tour,旅游；观光旅行；任期,GENERAL,GENERAL,1196
depend,靠；视...而定；信赖,GENERAL,GENERAL,1197
grab,抓握；掠夺；强占,GENERAL,GENERAL,1198
direct,直接的；坦白的,GENERAL,GENERAL,1199
contact,联系；交际；熟人,GENERAL,GENERAL,1200
justice,正义；公平；公正,GENERAL,GENERAL,1201
photograph,相片；照片；逼真的描绘,GENERAL,GENERAL,1202
daily,每日的；日常的,GENERAL,GENERAL,1203
fair,展览会；市集；美好的事物,GENERAL,GENERAL,1204
pair,一双；一对；一副,GENERAL,GENERAL,1205
famous,出名的；极好的,GENERAL,GENERAL,1206
exercise,行使；执行；运动,GENERAL,GENERAL,1207
knee,膝；膝盖,BODY,BODY,1208
flower,花；开花植物；精华,OUTDOOR,OUTDOOR,1209
tape,带子；录音带；磁带,GENERAL,GENERAL,1210
hire,租金；租用；雇用,GENERAL,GENERAL,1211
familiar,熟悉的；常见的；亲密的,GENERAL,GENERAL,1212
appropriate,适当的,GENERAL,GENERAL,1213
supply,补给；供给；供应品,GENERAL,GENERAL,1214
fully,十分地；完全地；充分地,GENERAL,GENERAL,1215
actor,男演员；行动者,GENERAL,GENERAL,1216
birth,出生；起源,GENERAL,GENERAL,1217
search,搜寻；查究,GENERAL,GENERAL,1218
tie,带子；线；鞋带,GENERAL,GENERAL,1219
eastern,东方人；东正教徒,GENERAL,GENERAL,1220
primary,最主要者；原色,GENERAL,GENERAL,1221
yesterday,昨天,GENERAL,GENERAL,1222
circle,圆周；社交圈；循环,GENERAL,GENERAL,1223
device,装置；设计；策略,GENERAL,GENERAL,1224
progress,进步；发展；前进,GENERAL,GENERAL,1225
bottom,底部,GENERAL,GENERAL,1226
island,岛；岛屿；孤立地区,GENERAL,GENERAL,1227
exchange,交换；(电话)交换局；交换机,GENERAL,GENERAL,1228
clean,干净的；清白的；简洁的,GENERAL,GENERAL,1229
studio,工作室；画室；演播室,GENERAL,GENERAL,1230
county,县；郡,GENERAL,GENERAL,1231
train,火车；列车；行列,TRANSPORT,TRANSPORT,1232
lady,淑女；夫人；女士,GENERAL,GENERAL,1233
colleague,同事；同僚,GENERAL,GENERAL,1234
application,应用；申请；志愿书,GENERAL,GENERAL,1235
lean,瘦肉；倾斜；倾斜度,GENERAL,GENERAL,1236
neck,脖子；衣领；颈,BODY,BODY,1237
damage,损害；伤害,GENERAL,GENERAL,1238
plastic,塑料；可塑体；可塑性物质,GENERAL,GENERAL,1239
tall,高的；长的；夸大的,GENERAL,GENERAL,1240
plate,碟；盘子；盆中物,FOOD_LIFE,KITCHEN,1241
hate,憎恨；恨；厌恶,GENERAL,GENERAL,1242
otherwise,否则；不同地；别的方式,GENERAL,GENERAL,1243
writing,书写；著作；笔迹,SCHOOL,SCHOOL,1244
male,男人；雄性动物,GENERAL,GENERAL,1245
alive,活着的；活泼的；敏感的,GENERAL,GENERAL,1246
expression,表达；表现；词语,GENERAL,GENERAL,1247
football,足球；橄榄球,GENERAL,GENERAL,1248
intend,计划；打算；意思是,GENERAL,GENERAL,1249
chicken,小鸡；鸡肉,ANIMAL,KITCHEN|ANIMAL|SUPERMARKET,1250
army,军队；陆军,GENERAL,GENERAL,1251
shut,关闭,GENERAL,GENERAL,1252
map,地图；天体图；映像,SCHOOL,SCHOOL,1253
extra,额外的事物；另外的收费,GENERAL,GENERAL,1254
session,期间；开庭期；会议,GENERAL,GENERAL,1255
welcome,欢迎；欢迎词,GENERAL,GENERAL,1256
danger,危险；威胁,GENERAL,GENERAL,1257
domestic,家庭的；国内的；驯养的,GENERAL,GENERAL,1258
earth,地球；泥土；世界,GENERAL,GENERAL,1259
literature,文学；文艺；著作,GENERAL,GENERAL,1260
rain,雨；下雨；雨天,OUTDOOR,OUTDOOR,1261
desire,欲望；要求,GENERAL,GENERAL,1262
injury,伤害；侮辱,GENERAL,GENERAL,1263
respect,尊敬；尊重；问候,GENERAL,GENERAL,1264
paint,油漆；颜料；绘画作品,GENERAL,GENERAL,1265
fuel,燃料；木炭,GENERAL,GENERAL,1266
leaf,叶；树叶；花瓣,GENERAL,GENERAL,1267
dry,干的；无酒的；枯燥无味的,GENERAL,GENERAL,1268
pool,池；水塘；石油层,GENERAL,GENERAL,1269
climb,攀登；上升；爬,GENERAL,GENERAL,1270
sweet,甜蜜；糖果；情人,GENERAL,GENERAL,1271
engine,引擎；发动机；机车,GENERAL,GENERAL,1272
salt,盐；风趣；刺激,FOOD_LIFE,KITCHEN,1273
expand,使膨胀；详述；扩张,GENERAL,GENERAL,1274
metal,金属；金属制品；合金,GENERAL,GENERAL,1275
fat,脂肪；脂油；肥肉,GENERAL,GENERAL,1276
ticket,票；券；车票,GENERAL,GENERAL,1277
software,软件,GENERAL,GENERAL,1278
disappear,消失；不见,GENERAL,GENERAL,1279
strange,奇怪的；陌生的；生疏的,GENERAL,GENERAL,1280
reading,阅读；知识；读物,GENERAL,GENERAL,1281
lip,唇；口缘；唇状构造,GENERAL,GENERAL,1282
urban,都市的；住在都市的；习惯于都市的,GENERAL,GENERAL,1283
mental,心智的；精神病的；心理的,GENERAL,GENERAL,1284
increasingly,逐渐地；渐增地,GENERAL,GENERAL,1285
lunch,午餐,FOOD_LIFE,KITCHEN,1286
somewhere,到某处；在某处,GENERAL,GENERAL,1287
farmer,农夫；农场主,GENERAL,GENERAL,1288
sugar,糖；糖块；甜言蜜语,FOOD_LIFE,KITCHEN|SUPERMARKET,1289
planet,行星；命运星辰；杰出的人,GENERAL,GENERAL,1290
explore,探险；探测；探究,GENERAL,GENERAL,1291
obtain,获得；达到,GENERAL,GENERAL,1292
enemy,敌人；仇敌；敌军,GENERAL,GENERAL,1293
complex,综合体；情结；络合物,GENERAL,GENERAL,1294
surround,包围；环绕；围绕,GENERAL,GENERAL,1295
invite,邀请；请求；引起,GENERAL,GENERAL,1296
repeat,重复；反复,GENERAL,GENERAL,1297
soul,灵魂；心灵；精神,GENERAL,GENERAL,1298
scientific,科学的；系统的；符合科学规律的,GENERAL,GENERAL,1299
impossible,不可能的；难以置信的；令人无法忍受的,GENERAL,GENERAL,1300
panel,嵌板；仪表板；专题讨论小组,GENERAL,GENERAL,1301
meaning,意义；含义；目的,GENERAL,GENERAL,1302
married,已婚的；婚姻的,GENERAL,GENERAL,1303
instrument,工具；手段；仪器,GENERAL,GENERAL,1304
predict,预知；预言；预报,GENERAL,GENERAL,1305
weather,天气；气象；处境,OUTDOOR,OUTDOOR,1306
emotional,情绪的；情感的,GENERAL,GENERAL,1307
pocket,口袋；钱袋；钱,GENERAL,GENERAL,1308
thin,薄的；细的；瘦的,GENERAL,GENERAL,1309
temperature,温度；发烧；热度,GENERAL,GENERAL,1310
surprise,惊奇；奇袭；诧异,GENERAL,GENERAL,1311
proposal,提议；计划；求婚,GENERAL,GENERAL,1312
consequence,结果；重要性,GENERAL,GENERAL,1313
breath,呼吸；气息；瞬间,GENERAL,GENERAL,1314
sight,景观；视力；眼界,GENERAL,GENERAL,1315
balance,平衡；差额,GENERAL,GENERAL,1316
adopt,采用；正式通过；收养,GENERAL,GENERAL,1317
minority,少数；未成年；少数民族,GENERAL,GENERAL,1318
straight,直线；直,GENERAL,GENERAL,1319
teaching,教学；学说；教导,GENERAL,GENERAL,1320
belong,属于；合适,GENERAL,GENERAL,1321
aid,帮助；外援；助手,GENERAL,GENERAL,1322
advice,忠告；劝告；意见,GENERAL,GENERAL,1323
organize,组织；有机化；给予生机,GENERAL,GENERAL,1324
empty,空的；空虚的；空腹的,GENERAL,GENERAL,1325
regional,地方的；地域性的,GENERAL,GENERAL,1326
novel,小说；长篇故事,GENERAL,GENERAL,1327
code,代码；密码；法规,GENERAL,GENERAL,1328
somehow,不知何故,GENERAL,GENERAL,1329
breast,胸部；乳房；胸怀,GENERAL,GENERAL,1330
acknowledge,承认；告知收悉；答谢,GENERAL,GENERAL,1331
theme,主题；话题；题目,GENERAL,GENERAL,1332
storm,暴风雨；骚动；风波,GENERAL,GENERAL,1333
union,联盟；联合；结合,GENERAL,GENERAL,1334
desk,书桌；办公桌；工作台,SCHOOL,SCHOOL,1335
fruit,水果；果类；结果,FOOD_LIFE,KITCHEN|SUPERMARKET,1336
expensive,贵的；奢华的；费用浩大的,GENERAL,GENERAL,1337
yellow,黄色,GENERAL,GENERAL,1338
conclusion,结论；结尾；推论,GENERAL,GENERAL,1339
shadow,阴影；荫；影子,GENERAL,GENERAL,1340
struggle,斗争；努力；奋斗,GENERAL,GENERAL,1341
conclude,结束；作结论；推断,GENERAL,GENERAL,1342
dance,跳舞；舞蹈；舞会,GENERAL,GENERAL,1343
regulation,规则；管理；调整,GENERAL,GENERAL,1344
ring,环；环形物；拳击场,GENERAL,GENERAL,1345
largely,大量地；很多地；大半地,GENERAL,GENERAL,1346
shift,变化；移动；轮班,GENERAL,GENERAL,1347
mark,标志；分数；马克,GENERAL,GENERAL,1348
appearance,出现；露面；外观,GENERAL,GENERAL,1349
package,包裹；套装软件；包,GENERAL,GENERAL,1350
difficulty,困难；难点,GENERAL,GENERAL,1351
bridge,桥；舰桥；桥梁,GENERAL,GENERAL,1352
recommend,推荐；介绍；劝告,GENERAL,GENERAL,1353
obvious,明显的；明白的；显然的,GENERAL,GENERAL,1354
basically,基本上；主要地,GENERAL,GENERAL,1355
generate,产生；发生；导致,GENERAL,GENERAL,1356
propose,计划；打算；建议,GENERAL,GENERAL,1357
thinking,思考；思想,GENERAL,GENERAL,1358
possibly,可能；也许,GENERAL,GENERAL,1359
trend,趋势；倾向；走向,GENERAL,GENERAL,1360
visitor,参观者；游客；访客,GENERAL,GENERAL,1361
loan,贷款；借出,GENERAL,GENERAL,1362
comfortable,舒服的；轻松的,GENERAL,GENERAL,1363
profit,利润；赢利；利益,GENERAL,GENERAL,1364
angry,生气的；愤怒的,GENERAL,GENERAL,1365
accident,意外事件；机遇；事故,GENERAL,GENERAL,1366
meal,一餐；膳食；粗粉,FOOD_LIFE,KITCHEN,1367
hearing,听；听觉；听讯,GENERAL,GENERAL,1368
traffic,交通；通行；运输,GENERAL,GENERAL,1369
muscle,肌肉；臂力,GENERAL,GENERAL,1370
capture,抓取；战利品；捕获之物,GENERAL,GENERAL,1371
prefer,宁可；较喜欢；提出,GENERAL,GENERAL,1372
chest,胸；胸部；衣柜,GENERAL,GENERAL,1373
truly,真实地；不假,GENERAL,GENERAL,1374
thick,厚的；粗壮的；浓的,GENERAL,GENERAL,1375
cash,现金,FOOD_LIFE,SUPERMARKET,1376
museum,博物馆,GENERAL,GENERAL,1377
beauty,美；美人,GENERAL,GENERAL,1378
emergency,紧急状况；紧急事件；紧急需要,GENERAL,GENERAL,1379
unique,独一无二的；独特的；稀罕的,GENERAL,GENERAL,1380
internal,内在的；国内的,GENERAL,GENERAL,1381
link,环；连结物；链接,GENERAL,GENERAL,1382
stress,压力；紧迫；强调,GENERAL,GENERAL,1383
select,挑选出来的；极好的,GENERAL,GENERAL,1384
root,根；根本；根源,GENERAL,GENERAL,1385
nose,鼻子；突出部分；嗅觉,BODY,BODY,1386
declare,宣布；声明；申报,GENERAL,GENERAL,1387
appreciate,赏识；鉴别；为...而感激,GENERAL,GENERAL,1388
actual,真实的；实际的；现行的,GENERAL,GENERAL,1389
bottle,瓶子；酒瓶,GENERAL,GENERAL,1390
hardly,刚刚；几乎不；勉强是,GENERAL,GENERAL,1391
launch,下水；汽艇；发射,GENERAL,GENERAL,1392
file,档案；公文箱；文件夹,GENERAL,GENERAL,1393
sick,病人,GENERAL,GENERAL,1394
defend,防护；辩护；防卫,GENERAL,GENERAL,1395
duty,责任；关税；职务,GENERAL,GENERAL,1396
sheet,床单；张；纸张,GENERAL,GENERAL,1397
ensure,确定；保证；担保,GENERAL,GENERAL,1398
extremely,极端地；非常地,GENERAL,GENERAL,1399
extent,范围；程度；区域,GENERAL,GENERAL,1400
mix,混合物；混乱；糊涂,GENERAL,GENERAL,1401
slow,慢的；缓慢的；迟缓的,GENERAL,GENERAL,1402
contrast,差别；对比；对照物,GENERAL,GENERAL,1403
zone,地带；带；地区,GENERAL,GENERAL,1404
wake,叫醒；激发,GENERAL,GENERAL,1405
airport,飞机场,TRANSPORT,TRANSPORT,1406
ourselves,我们自己,GENERAL,GENERAL,1407
brown,褐色,GENERAL,GENERAL,1408
shirt,衬衫；内衣；汗衫,CLOTHING,CLOTHING,1409
pilot,飞行员；领航员；航船者,GENERAL,GENERAL,1410
warn,警告；提醒；通知,GENERAL,GENERAL,1411
ultimately,最后；最终,GENERAL,GENERAL,1412
cat,猫；恶妇,ANIMAL,ANIMAL,1413
capacity,容量；能力；才能,GENERAL,GENERAL,1414
guide,引导者；导游；指南,GENERAL,GENERAL,1415
circumstance,环境；状况；事件,GENERAL,GENERAL,1416
snow,雪；积雪；下雪,OUTDOOR,OUTDOOR,1417
politician,政客；政治家；从事党派政治的人,GENERAL,GENERAL,1418
steal,剽窃；偷偷地做；偷窃,GENERAL,GENERAL,1419
pursue,追赶；追踪；追随,GENERAL,GENERAL,1420
slip,滑；滑行；事故,GENERAL,GENERAL,1421
meat,肉；餐；食物,FOOD_LIFE,KITCHEN|SUPERMARKET,1422
funny,好笑的；有趣的；滑稽的,GENERAL,GENERAL,1423
neither,皆不；两个都不,GENERAL,GENERAL,1424
soil,土壤；土地；国家,GENERAL,GENERAL,1425
correct,正确的；合适的,GENERAL,GENERAL,1426
due,应得的东西；应付款,GENERAL,GENERAL,1427
blame,过失；责备,GENERAL,GENERAL,1428
estimate,估计；判断,GENERAL,GENERAL,1429
hill,小山；丘陵；小土堆,OUTDOOR,OUTDOOR,1430
investigate,调查；审查,GENERAL,GENERAL,1431
crazy,发狂的；狂热的,GENERAL,GENERAL,1432
chain,链；枷锁；束缚,GENERAL,GENERAL,1433
branch,树枝；支店；支流,GENERAL,GENERAL,1434
combination,组合；合并；联合,GENERAL,GENERAL,1435
governor,(美)州长；(英)总督；统治者,GENERAL,GENERAL,1436
relief,减轻；解除；救济,GENERAL,GENERAL,1437
user,使用者,GENERAL,GENERAL,1438
dad,爸爸；爹爹,FAMILY,FAMILY,1439
kick,踢；反冲；后座力,GENERAL,GENERAL,1440
ancient,古代的；古老的；年老的,GENERAL,GENERAL,1441
manner,样子；礼貌；风格,GENERAL,GENERAL,1442
silence,沉默；无声；静寂,GENERAL,GENERAL,1443
motion,移动；手势；动作,GENERAL,GENERAL,1444
solve,解决；付给；溶解,GENERAL,GENERAL,1445
fee,费用；小费；封地,GENERAL,GENERAL,1446
landscape,风景；山水；风景画,GENERAL,GENERAL,1447
bowl,碗；木球；大酒杯,FOOD_LIFE,KITCHEN,1448
equal,对手；匹敌；同辈,GENERAL,GENERAL,1449
frame,框；结构；体格,GENERAL,GENERAL,1450
typical,典型的；象征性的,GENERAL,GENERAL,1451
except,除；除外,GENERAL,GENERAL,1452
conservative,保守的；守旧的；有保存力的,GENERAL,GENERAL,1453
hall,门厅；走廊；会堂,GENERAL,GENERAL,1454
host,主人；旅馆老板；节目主持人,GENERAL,GENERAL,1455
trust,信任；信赖；相信,GENERAL,GENERAL,1456
ocean,海洋；广阔；许多,GENERAL,GENERAL,1457
afford,买得起；足以；给予,GENERAL,GENERAL,1458
meanwhile,其时；其间,GENERAL,GENERAL,1459
division,分；分开；除法,GENERAL,GENERAL,1460
fix,使固定；修理；准备,GENERAL,GENERAL,1461
confirm,证实；确定；批准,GENERAL,GENERAL,1462
appeal,恳求；诉请；上诉,GENERAL,GENERAL,1463
mirror,镜子；写真；典范,HOME,HOME,1464
tooth,牙齿；齿状物；爱好,BODY,BODY,1465
length,长度；长；期间,GENERAL,GENERAL,1466
smart,聪明的；漂亮的；刺痛的,GENERAL,GENERAL,1467
entirely,完全；全然；一概,GENERAL,GENERAL,1468
association,协会,GENERAL,GENERAL,1469
complain,抱怨；抗议；控诉,GENERAL,GENERAL,1470
telephone,电话；电话机,GENERAL,GENERAL,1471
attract,吸引；诱惑,GENERAL,GENERAL,1472
secret,秘密；机密；秘诀,GENERAL,GENERAL,1473
bedroom,卧室,HOME,HOME,1474
confidence,信心,GENERAL,GENERAL,1475
debt,债务；罪过,GENERAL,GENERAL,1476
rare,稀罕的；罕有的；珍奇的,GENERAL,GENERAL,1477
tank,槽；箱；柜,GENERAL,GENERAL,1478
nurse,护士；保姆；奶妈,GENERAL,GENERAL,1479
opposition,反对；敌对；相反,GENERAL,GENERAL,1480
aside,小声说的话；旁白,GENERAL,GENERAL,1481
anywhere,无论何处,GENERAL,GENERAL,1482
pleasure,快乐；愉快；令人高兴的事,GENERAL,GENERAL,1483
master,主人；硕士；大师,GENERAL,GENERAL,1484
requirement,需求；必要条件；要求,GENERAL,GENERAL,1485
fun,乐趣；玩笑；娱乐,GENERAL,GENERAL,1486
wing,翅膀；翼；机翼,GENERAL,GENERAL,1487
expectation,期待；指望；展望,GENERAL,GENERAL,1488
separate,独立件；抽印本,GENERAL,GENERAL,1489
somewhat,某物；几分,GENERAL,GENERAL,1490
pour,流出；倾泻；骤雨,GENERAL,GENERAL,1491
stir,骚动；轰动；搅动,GENERAL,GENERAL,1492
reference,参考；索引；参照,GENERAL,GENERAL,1493
tear,泪滴；眼泪；撕,GENERAL,GENERAL,1494
doubt,怀疑；疑惑,GENERAL,GENERAL,1495
grant,授予；授予物；允许,GENERAL,GENERAL,1496
seriously,严肃地；认真地；严重地,GENERAL,GENERAL,1497
minister,部长；牧师；公使,GENERAL,GENERAL,1498
hero,英雄；超越常人者；男主角,GENERAL,GENERAL,1499
industrial,工业的；供工业用的；工业高度发展的,GENERAL,GENERAL,1500
cloud,云；阴暗；烟雾,OUTDOOR,OUTDOOR,1501
stretch,伸展；张开；连绵,GENERAL,GENERAL,1502
winner,胜利者；优胜者,GENERAL,GENERAL,1503
volume,册；卷；体积,GENERAL,GENERAL,1504
seed,种子；籽；萌芽,GENERAL,GENERAL,1505
fashion,流行；风尚；时样,GENERAL,GENERAL,1506
pepper,胡椒粉；胡椒；辣椒,GENERAL,GENERAL,1507
busy,忙碌的；热闹的；没空的,GENERAL,GENERAL,1508
copy,副本；摹仿；一册,GENERAL,GENERAL,1509
tip,顶；尖端；梢,GENERAL,GENERAL,1510
cheap,便宜的；不值钱的；可鄙的,GENERAL,GENERAL,1511
aim,目标；瞄准；击中目标的能力,GENERAL,GENERAL,1512
vegetable,蔬菜；植物；无精打采之人,FOOD_LIFE,KITCHEN|SUPERMARKET,1513
dish,盘子；碟；菜肴,FOOD_LIFE,KITCHEN,1514
improvement,进步；改善；利用,GENERAL,GENERAL,1515
beach,海滩,OUTDOOR,OUTDOOR,1516
everywhere,各处；到处,GENERAL,GENERAL,1517
opening,开始；口子；穴,GENERAL,GENERAL,1518
overall,全部的；全体的；从头至尾的,GENERAL,GENERAL,1519
divide,分开；分配；分裂,GENERAL,GENERAL,1520
initial,字首；首字母,GENERAL,GENERAL,1521
terrible,可怕的；令人恐惧的；极坏的,GENERAL,GENERAL,1522
oppose,反对；以...对抗；抗争,GENERAL,GENERAL,1523
route,路径；途径；路线,GENERAL,GENERAL,1524
contemporary,同时代的人,GENERAL,GENERAL,1525
essential,要素；要点；本质,GENERAL,GENERAL,1526
lake,湖；池；色淀,OUTDOOR,OUTDOOR,1527
league,同盟；联盟；盟约,GENERAL,GENERAL,1528
careful,小心的；谨慎的,GENERAL,GENERAL,1529
criminal,罪犯；犯人；刑事,GENERAL,GENERAL,1530
core,核心；果心；要点,GENERAL,GENERAL,1531
upper,上面的；较高的；上级的,GENERAL,GENERAL,1532
rush,匆促；冲进；急流,GENERAL,GENERAL,1533
necessarily,必然地；必须地；必要地,GENERAL,GENERAL,1534
specifically,特定地；明确地；按特性,GENERAL,GENERAL,1535
tired,疲累的；疲乏的；厌倦的,GENERAL,GENERAL,1536
employ,雇用,GENERAL,GENERAL,1537
holiday,假日；假期；节日,GENERAL,GENERAL,1538
vast,巨大的；广大的；非常的,GENERAL,GENERAL,1539
household,一家人；家庭；家族,GENERAL,GENERAL,1540
witness,证人；目击者；证据,GENERAL,GENERAL,1541
apart,成零碎；成距离；分别地,GENERAL,GENERAL,1542
match,比赛；火柴；对手,GENERAL,GENERAL,1543
sector,扇形；部门；部分,GENERAL,GENERAL,1544
emphasize,强调；加强语气；着重,GENERAL,GENERAL,1545
representative,代表；众议员；典型,GENERAL,GENERAL,1546
beneath,在...下方,GENERAL,GENERAL,1547
incident,事件；事变；小事,GENERAL,GENERAL,1548
beside,在旁边,GENERAL,GENERAL,1549
limited,有限制的；有限的；有限责任的,GENERAL,GENERAL,1550
proud,骄傲的；自大的；自豪的,GENERAL,GENERAL,1551
flow,流程；流动；流量,GENERAL,GENERAL,1552
waste,浪费；废物；损耗,GENERAL,GENERAL,1553
merely,只,GENERAL,GENERAL,1554
mass,块；大多数；质量,GENERAL,GENERAL,1555
experiment,实验；试验；实验仪器,GENERAL,GENERAL,1556
definitely,明确无疑地；清楚地,GENERAL,GENERAL,1557
enormous,巨大的；庞大的,GENERAL,GENERAL,1558
tone,音调；音质；语调,GENERAL,GENERAL,1559
massive,大而重的；宽大的；宏伟的,GENERAL,GENERAL,1560
engineer,工程师；工兵,GENERAL,GENERAL,1561
wheel,轮子；车轮；轮,GENERAL,GENERAL,1562
decline,衰退；跌落；下降,GENERAL,GENERAL,1563
invest,投资；花费；笼罩,GENERAL,GENERAL,1564
cable,电缆；海底电报；缆,GENERAL,GENERAL,1565
towards,向；对于；为了,GENERAL,GENERAL,1566
expose,使暴露；使曝光；揭穿,GENERAL,GENERAL,1567
rural,乡下的；田园的；乡村风味的,GENERAL,GENERAL,1568
narrow,狭窄部分；隘路,GENERAL,GENERAL,1569
cream,乳酪；奶油；面霜,GENERAL,GENERAL,1570
secretary,秘书；书记；大臣,GENERAL,GENERAL,1571
gate,门；牌楼；大门,GENERAL,GENERAL,1572
solid,固体,GENERAL,GENERAL,1573
noise,噪音；杂音；响声,GENERAL,GENERAL,1574
grass,草；草原；牧场,OUTDOOR,OUTDOOR,1575
hat,帽子,CLOTHING,CLOTHING,1576
unfortunately,恐怕；不幸的是,GENERAL,GENERAL,1577
succeed,成功；继承；继续,GENERAL,GENERAL,1578
celebrate,庆祝；祝贺；举行,GENERAL,GENERAL,1579
fishing,钓鱼；鱼业,GENERAL,GENERAL,1580
accuse,指责；控告；归咎于,GENERAL,GENERAL,1581
useful,有用的；有益的,GENERAL,GENERAL,1582
reject,被拒之人；被弃之物；不合格品,GENERAL,GENERAL,1583
taste,味道；品味；味觉,GENERAL,GENERAL,1584
characteristic,特性；特征；特色,GENERAL,GENERAL,1585
milk,奶；乳状物,FOOD_LIFE,KITCHEN|SUPERMARKET,1586
escape,逃亡；避难设备；逃跑,GENERAL,GENERAL,1587
cast,演员阵容；投掷；铸件,GENERAL,GENERAL,1588
sentence,句子；命题；宣判,GENERAL,GENERAL,1589
unusual,不寻常的；罕见的；与众不同的,GENERAL,GENERAL,1590
convince,说服；使相信,GENERAL,GENERAL,1591
height,高度；海拔；高地,GENERAL,GENERAL,1592
plenty,充分；很多；丰富,GENERAL,GENERAL,1593
virtually,事实上,GENERAL,GENERAL,1594
addition,加法；增加的人(或物),GENERAL,GENERAL,1595
sharp,半升音调；利刃；骗子,GENERAL,GENERAL,1596
approve,赞同；核准；为...提供证据,GENERAL,GENERAL,1597
explanation,解释；说明；辩解,GENERAL,GENERAL,1598
proper,适当的；固有的；高尚的,GENERAL,GENERAL,1599
guilty,犯罪的；有过失的；自觉有错的,GENERAL,GENERAL,1600
acquire,获得；学到,GENERAL,GENERAL,1601
technical,技术上的；专门的；工业的,GENERAL,GENERAL,1602
compete,竞争；对抗,GENERAL,GENERAL,1603
plus,加上；加；外加,GENERAL,GENERAL,1604
weak,不牢固的；弱的；虚弱的,GENERAL,GENERAL,1605
illegal,违法的；不合规定的,GENERAL,GENERAL,1606
hi,interj. 喂,GENERAL,GENERAL,1607
alternative,两者择一；供替代的选择,GENERAL,GENERAL,1608
column,专栏；圆柱；纵队,GENERAL,GENERAL,1609
personality,个性；人格；(团体、地方、国家)特有特性,GENERAL,GENERAL,1610
signal,信号；暗号；近因,GENERAL,GENERAL,1611
king,国王；君主,GENERAL,GENERAL,1612
passenger,乘客；旅客,GENERAL,GENERAL,1613
assistance,协助；援助,GENERAL,GENERAL,1614
regard,关心；注意；尊敬,GENERAL,GENERAL,1615
knock,敲；敲打；敲门,GENERAL,GENERAL,1616
wrap,外套；围巾；包裹物,GENERAL,GENERAL,1617
display,显示；陈列；炫耀,GENERAL,GENERAL,1618
criticism,批评；评论；非难,GENERAL,GENERAL,1619
spiritual,精神上的；神圣的；崇高的,GENERAL,GENERAL,1620
musical,音乐片；音乐舞台剧,GENERAL,GENERAL,1621
journalist,新闻记者；从事新闻杂志业的人,GENERAL,GENERAL,1622
suspect,被怀疑者；嫌疑犯,GENERAL,GENERAL,1623
warning,警告；预告；预兆,GENERAL,GENERAL,1624
climate,气候；社会趋势；气候区,GENERAL,GENERAL,1625
cheese,乳酪,FOOD_LIFE,KITCHEN|SUPERMARKET,1626
payment,付款；支付的款项(或实物)；偿还,GENERAL,GENERAL,1627
sir,先生；阁下,GENERAL,GENERAL,1628
permit,许可证；许可；执照,GENERAL,GENERAL,1629
definition,定义；精确度；清晰度,GENERAL,GENERAL,1630
priority,优先权；优先,GENERAL,GENERAL,1631
bread,面包；生计；食物,FOOD_LIFE,KITCHEN|SUPERMARKET,1632
request,请求；需要；申请书,GENERAL,GENERAL,1633
emotion,情绪；激动；强烈的情感,GENERAL,GENERAL,1634
scream,尖叫声,GENERAL,GENERAL,1635
dramatic,戏剧性的；生动的,GENERAL,GENERAL,1636
universe,宇宙；星系；(思想等)范围,GENERAL,GENERAL,1637
gap,缝隙；缺口；间断,GENERAL,GENERAL,1638
excellent,优良的；杰出的；出色的,GENERAL,GENERAL,1639
lucky,幸运的；吉祥的；好运的,GENERAL,GENERAL,1640
drag,拖；拖累,GENERAL,GENERAL,1641
library,图书馆；藏书；库,SCHOOL,SCHOOL,1642
recover,重新获得；恢复；复原,GENERAL,GENERAL,1643
factory,工厂；产生地；代理店,GENERAL,GENERAL,1644
selection,选择；选文；精选品,GENERAL,GENERAL,1645
roof,屋顶；室顶,GENERAL,GENERAL,1646
unable,不能的；不会的,GENERAL,GENERAL,1647
expense,费用；代价；开支,GENERAL,GENERAL,1648
initiative,主动行动；首创精神；主动权,GENERAL,GENERAL,1649
diet,日常饮食；议会,GENERAL,GENERAL,1650
arrest,逮捕；监禁,GENERAL,GENERAL,1651
wash,洗；洗涤；冲洗,GENERAL,GENERAL,1652
schedule,时间表；一览表；计划表,GENERAL,GENERAL,1653
sad,忧愁的；悲哀的,GENERAL,GENERAL,1654
brief,摘要；简报,GENERAL,GENERAL,1655
housing,遮盖；住房供给；居留(处),GENERAL,GENERAL,1656
purchase,购买；购买品；紧握,GENERAL,GENERAL,1657
steel,钢；钢制品；钢铁,GENERAL,GENERAL,1658
shout,呼喊；喊声,GENERAL,GENERAL,1659
remaining,剩余的,GENERAL,GENERAL,1660
fairly,美观地；公平地；相当地,GENERAL,GENERAL,1661
violent,暴力的；猛烈的；激烈的,GENERAL,GENERAL,1662
chip,屑片；薄片；碎片,GENERAL,GENERAL,1663
silent,沉默的；安静的；无声的,GENERAL,GENERAL,1664
suppose,推想；假设；以为,GENERAL,GENERAL,1665
self,自己；自我；本性,GENERAL,GENERAL,1666
tea,茶；茶叶,FOOD_LIFE,KITCHEN|SUPERMARKET,1667
comparison,比较；对照；比喻,GENERAL,GENERAL,1668
layer,层；产卵鸡；放置者,GENERAL,GENERAL,1669
description,描述；说明；种类,GENERAL,GENERAL,1670
slide,滑；滑道；山崩,GENERAL,GENERAL,1671
wedding,婚礼；结婚；结婚周年纪念日,GENERAL,GENERAL,1672
inform,通知；使了解；使充满,GENERAL,GENERAL,1673
immediate,立即的；直接的；接近的,GENERAL,GENERAL,1674
opponent,对手；敌手；反对者,GENERAL,GENERAL,1675
abandon,放弃；抛弃；遗弃,GENERAL,GENERAL,1676
transform,使转换；改变；改造,GENERAL,GENERAL,1677
tension,紧张；不安；拉紧,GENERAL,GENERAL,1678
leading,领导；指挥；神示,GENERAL,GENERAL,1679
bother,烦扰；迷惑,GENERAL,GENERAL,1680
enable,使能够,GENERAL,GENERAL,1681
bend,变弯曲；屈服,GENERAL,GENERAL,1682
desert,沙漠；应得的赏罚；功劳,GENERAL,GENERAL,1683
shall,将,GENERAL,GENERAL,1684
error,错误；过失；失误,GENERAL,GENERAL,1685
double,两倍,GENERAL,GENERAL,1686
sand,沙；沙子；沙滩,GENERAL,GENERAL,1687
print,打印；版；印刷物,GENERAL,GENERAL,1688
preserve,保护；保持；保存,GENERAL,GENERAL,1689
passage,通道；通过；移居,GENERAL,GENERAL,1690
formal,正式的；形式的；礼仪的,GENERAL,GENERAL,1691
arrange,安排；排列；达成协议,GENERAL,GENERAL,1692
atmosphere,大气；空气；气氛,GENERAL,GENERAL,1693
joint,连接处；接合；关节,GENERAL,GENERAL,1694
reply,答复；回答；答辩,GENERAL,GENERAL,1695
cycle,周期；循环；自行车,GENERAL,GENERAL,1696
lock,锁；刹车；水闸,GENERAL,GENERAL,1697
opposite,相对的；相反的；对面的,GENERAL,GENERAL,1698
deserve,该得到；值得,GENERAL,GENERAL,1699
resistance,抵抗力；反抗；耐力,GENERAL,GENERAL,1700
discovery,发现；被发现的事物,GENERAL,GENERAL,1701
pose,姿势；姿态；装模作样,GENERAL,GENERAL,1702
stream,水流；小河；流出,GENERAL,GENERAL,1703
sale,出售；卖；拍卖,FOOD_LIFE,SUPERMARKET,1704
pot,盆；罐；壶,GENERAL,GENERAL,1705
grand,庄重的；壮观的；显赫的,GENERAL,GENERAL,1706
hello,interj. 喂；嘿,GENERAL,GENERAL,1707
knife,小刀；匕首,FOOD_LIFE,KITCHEN,1708
resolve,决定；分解；决心,GENERAL,GENERAL,1709
phase,时期；局面；方面,GENERAL,GENERAL,1710
joke,笑话；玩笑；笑柄,GENERAL,GENERAL,1711
coat,外套,CLOTHING,CLOTHING,1712
manufacturer,制造业者；厂商,GENERAL,GENERAL,1713
philosophy,哲学；人生观；哲学思想,GENERAL,GENERAL,1714
potato,马铃薯,FOOD_LIFE,KITCHEN,1715
quote,引用,GENERAL,GENERAL,1716
foundation,基础；根据；建立,GENERAL,GENERAL,1717
urge,冲动；推动力；迫切的要求,GENERAL,GENERAL,1718
occasion,场合；时机；机会,GENERAL,GENERAL,1719
dust,灰尘；尘埃；粉末,GENERAL,GENERAL,1720
breathe,呼吸；生存；低语,GENERAL,GENERAL,1721
elect,当选人；被选的人,GENERAL,GENERAL,1722
jacket,夹克；外套；护套,CLOTHING,CLOTHING,1723
ordinary,平常的；普通的；平凡的,GENERAL,GENERAL,1724
glad,高兴的；喜欢的；情愿的,GENERAL,GENERAL,1725
reduction,减少；缩影；变化,GENERAL,GENERAL,1726
rarely,很少地；罕有地,GENERAL,GENERAL,1727
pack,包裹；一伙；一副,GENERAL,GENERAL,1728
substance,物质；实质；主旨,GENERAL,GENERAL,1729
discipline,训练；纪律,GENERAL,GENERAL,1730
elsewhere,在别处,GENERAL,GENERAL,1731
iron,铁；熨斗；铁器,GENERAL,GENERAL,1732
practical,实际的；现实的；实用性的,GENERAL,GENERAL,1733
moreover,而且；此外,GENERAL,GENERAL,1734
essentially,本质上；本来,GENERAL,GENERAL,1735
sauce,酱油；调味汁；酱,GENERAL,GENERAL,1736
priest,祭司；牧师；神父,GENERAL,GENERAL,1737
amazing,令人惊异的,GENERAL,GENERAL,1738
advance,前进；进展；行过的路程,GENERAL,GENERAL,1739
employer,雇主；老板,GENERAL,GENERAL,1740
shock,震动；冲突；震惊,GENERAL,GENERAL,1741
adjust,调整；使适应于；校准,GENERAL,GENERAL,1742
retire,隐居,GENERAL,GENERAL,1743
kiss,吻,GENERAL,GENERAL,1744
illness,疾病；恶意,GENERAL,GENERAL,1745
visible,看得见的；明显的；显然的,GENERAL,GENERAL,1746
cap,盖子；帽子,CLOTHING,CLOTHING,1747
competitive,竞争的,GENERAL,GENERAL,1748
habit,习惯；嗜好；习性,GENERAL,GENERAL,1749
juice,汁；活力；体液,FOOD_LIFE,KITCHEN|SUPERMARKET,1750
involvement,卷入；牵连；包含,GENERAL,GENERAL,1751
dominate,支配；占优势,GENERAL,GENERAL,1752
previously,先；先前；以前,GENERAL,GENERAL,1753
whenever,每当,GENERAL,GENERAL,1754
transfer,迁移；移动；传递,GENERAL,GENERAL,1755
attach,附上；使依附；使附属,GENERAL,GENERAL,1756
disaster,灾祸；不幸；彻底失败,GENERAL,GENERAL,1757
prospect,景色；展望,GENERAL,GENERAL,1758
boss,老板；上司；岩瘤,GENERAL,GENERAL,1759
complaint,诉苦；抱怨；控诉,GENERAL,GENERAL,1760
fundamental,基本原理；原则；基波,GENERAL,GENERAL,1761
severe,严格的；尖锐的；严肃的,GENERAL,GENERAL,1762
mystery,秘密；神秘；奥秘,GENERAL,GENERAL,1763
impose,征(税)；把...强加于；以...欺骗,GENERAL,GENERAL,1764
entry,登录；条目；进入,GENERAL,GENERAL,1765
symbol,符号；象征；代号,GENERAL,GENERAL,1766
mood,心情；气氛；生气,GENERAL,GENERAL,1767
emphasis,强调；加强；重点,GENERAL,GENERAL,1768
boot,长靴；踢；解雇,CLOTHING,CLOTHING,1769
illustrate,举例说明；作图解；阐明,GENERAL,GENERAL,1770
monitor,监督器；级长；监听员,GENERAL,GENERAL,1771
entertainment,娱乐；款待；娱乐表演,GENERAL,GENERAL,1772
arrangement,排列；整齐；安排,GENERAL,GENERAL,1773
concentrate,浓缩；精选,GENERAL,GENERAL,1774
usual,平常的；通常的,GENERAL,GENERAL,1775
anger,忿怒,GENERAL,GENERAL,1776
peak,山峰；巅；山顶,GENERAL,GENERAL,1777
wire,电线；电报；电信,GENERAL,GENERAL,1778
vary,改变；使多样化,GENERAL,GENERAL,1779
distribution,分配,GENERAL,GENERAL,1780
holy,神圣的；圣洁的；至善的,GENERAL,GENERAL,1781
twin,双胞胎中一人；一对非常相像的人(或物)中的一个,GENERAL,GENERAL,1782
command,命令；指挥；控制,GENERAL,GENERAL,1783
commission,委任状；任官令；所委职责,GENERAL,GENERAL,1784
breakfast,早餐,FOOD_LIFE,KITCHEN,1785
luck,运气；幸运；好运,GENERAL,GENERAL,1786
engineering,工程学；工程；操纵,GENERAL,GENERAL,1787
constant,常数；恒量,GENERAL,GENERAL,1788
smell,味道；气味；嗅觉,GENERAL,GENERAL,1789
capable,有能力的；能的；能干的,GENERAL,GENERAL,1790
nervous,神经紧张的；不安的；神经的,GENERAL,GENERAL,1791
tourist,观光客；旅行者,GENERAL,GENERAL,1792
crucial,决定性的；重要的；严厉的,GENERAL,GENERAL,1793
bury,埋葬；埋藏,GENERAL,GENERAL,1794
exception,例外；除外；异议,GENERAL,GENERAL,1795
butter,奶油；黄油,FOOD_LIFE,KITCHEN,1796
bathroom,浴室；厕所,HOME,HOME,1797
objective,目的；目标；宗旨,GENERAL,GENERAL,1798
electronic,电子的,GENERAL,GENERAL,1799
ally,同盟者；同盟国；助手,GENERAL,GENERAL,1800
journey,旅程；旅行；行程,TRANSPORT,TRANSPORT,1801
surely,的确地；安全地,GENERAL,GENERAL,1802
reputation,名誉；名声；声望,GENERAL,GENERAL,1803
tower,塔；高楼；堡垒,GENERAL,GENERAL,1804
mixture,混合；混淆；混合物,GENERAL,GENERAL,1805
smoke,烟；雾气；烟熏剂,GENERAL,GENERAL,1806
confront,使面对；对抗；遭遇,GENERAL,GENERAL,1807
pure,纯的；纯净的；纯洁的,GENERAL,GENERAL,1808
toy,玩具；小玩艺儿；小型的东西,GENERAL,GENERAL,1809
prisoner,囚犯；犯人；战俘,GENERAL,GENERAL,1810
fellow,男人；朋友；同事,GENERAL,GENERAL,1811
smooth,平滑的；平稳的；流畅的,GENERAL,GENERAL,1812
nearby,附近的；近旁的,GENERAL,GENERAL,1813
relative,亲戚；关系词,GENERAL,GENERAL,1814
belt,带子；地带,GENERAL,GENERAL,1815
birthday,生日,GENERAL,GENERAL,1816
implication,牵连；含义；暗示,GENERAL,GENERAL,1817
perfectly,完全地；无瑕疵地；完整地,GENERAL,GENERAL,1818
coast,海岸；滑坡,GENERAL,GENERAL,1819
accompany,陪伴；伴随；补充,GENERAL,GENERAL,1820
silver,银；银币；银器,GENERAL,GENERAL,1821
recognition,赞誉；认得；识别,GENERAL,GENERAL,1822
retirement,退休；隐居；撤退,GENERAL,GENERAL,1823
flag,标志；旗标；旗子,GENERAL,GENERAL,1824
whisper,耳语；密谈；谣传,GENERAL,GENERAL,1825
gentleman,绅士；先生,GENERAL,GENERAL,1826
inner,内部的；内心的,GENERAL,GENERAL,1827
moon,月亮；月球；月光,GENERAL,GENERAL,1828
junior,年少者；地位较低者；大学三年级学生,GENERAL,GENERAL,1829
swing,摇摆；振幅；音律,GENERAL,GENERAL,1830
throat,咽喉；喉咙；嗓音,GENERAL,GENERAL,1831
salary,薪水,GENERAL,GENERAL,1832
publication,出版物；出版；公布,GENERAL,GENERAL,1833
dig,挖；翻土；发掘,GENERAL,GENERAL,1834
crop,农作物；产量；平头,GENERAL,GENERAL,1835
permanent,永久的；不变的；固定的,GENERAL,GENERAL,1836
anxiety,焦虑；忧虑；令人焦虑的事,GENERAL,GENERAL,1837
unlike,不像的；不同的,GENERAL,GENERAL,1838
resist,抵抗；耐得住；抵制,GENERAL,GENERAL,1839
wet,湿气；潮湿；水分,GENERAL,GENERAL,1840
convention,大会；协定；惯例,GENERAL,GENERAL,1841
assist,帮助；协助,GENERAL,GENERAL,1842
exhibition,表现；展览会；展览品,GENERAL,GENERAL,1843
construct,构造；建造；对...进行构思,GENERAL,GENERAL,1844
pan,平锅；浅盘；盆地,FOOD_LIFE,KITCHEN,1845
mayor,市长,GENERAL,GENERAL,1846
pink,粉红色；石竹花；化身,GENERAL,GENERAL,1847
secure,无虑的；安心的；安全的,GENERAL,GENERAL,1848
poem,诗；诗般美的事物,GENERAL,GENERAL,1849
apparent,清晰可见的；显然的；表面上的,GENERAL,GENERAL,1850
stomach,胃；食欲；欲望,BODY,BODY,1851
weigh,称...重量；衡量；把...压弯,GENERAL,GENERAL,1852
install,安装；安置；使就职,GENERAL,GENERAL,1853
sensitive,敏感的；易感的；灵敏的,GENERAL,GENERAL,1854
suggestion,提议；意见,GENERAL,GENERAL,1855
mail,邮件；邮政；邮递,GENERAL,GENERAL,1856
reasonable,合理的；明理的；适当的,GENERAL,GENERAL,1857
wooden,木制的；呆笨的；木然的,GENERAL,GENERAL,1858
preparation,准备；预备；预习,GENERAL,GENERAL,1859
aggressive,侵略的；挑畔的；进取的,GENERAL,GENERAL,1860
concert,音乐会；和声；一致,GENERAL,GENERAL,1861
false,错误的；虚伪的；假的,GENERAL,GENERAL,1862
intention,意图；目的；含义,GENERAL,GENERAL,1863
channel,海峡；航道；频道,GENERAL,GENERAL,1864
extreme,极端；末端,GENERAL,GENERAL,1865
tube,管；软管；隧道,GENERAL,GENERAL,1866
absence,缺席；缺乏；没有,GENERAL,GENERAL,1867
honest,诚实的；坦直的；可靠的,GENERAL,GENERAL,1868
pace,速度；步调；步法,GENERAL,GENERAL,1869
employment,雇用；职业；工作,GENERAL,GENERAL,1870
speaker,说话人；讲演者；发言人,GENERAL,GENERAL,1871
impression,印象；意念；盖印,GENERAL,GENERAL,1872
giant,巨人；大力士；巨大怪物,GENERAL,GENERAL,1873
cake,蛋糕；块；饼,FOOD_LIFE,KITCHEN|SUPERMARKET,1874
restore,回复；恢复；归还,GENERAL,GENERAL,1875
substantial,重要材料(或事物)；有实际价值的东西,GENERAL,GENERAL,1876
pop,砰然声；枪击；含气饮料,GENERAL,GENERAL,1877
specialist,专门医师；专家,GENERAL,GENERAL,1878
origin,起源；起因；出身,GENERAL,GENERAL,1879
approval,赞成；批准,GENERAL,GENERAL,1880
criticize,批评；吹毛求疵；非难,GENERAL,GENERAL,1881
advise,劝告；给...出主意；通知,GENERAL,GENERAL,1882
conventional,传统的；习惯的；约定的,GENERAL,GENERAL,1883
depth,深度；深处；深奥,GENERAL,GENERAL,1884
wealth,财富；资源；财产,GENERAL,GENERAL,1885
shell,贝壳；壳；外形,GENERAL,GENERAL,1886
flat,平坦的；单调的；无力的,GENERAL,GENERAL,1887
brand,商标；牌子；烙印,GENERAL,GENERAL,1888
mad,疯狂的；发疯的；生气的,GENERAL,GENERAL,1889
award,奖品；裁定；判决,GENERAL,GENERAL,1890
via,经由；经过；通过,GENERAL,GENERAL,1891
precisely,精确地；明确地；刻板地,GENERAL,GENERAL,1892
armed,有扶手的；武装的；有防卫器官的,GENERAL,GENERAL,1893
arise,站立；出现；起来,GENERAL,GENERAL,1894
nevertheless,然而；虽然如此,GENERAL,GENERAL,1895
routine,常规；日常工作；惯例,GENERAL,GENERAL,1896
wage,工资；报应；报偿,GENERAL,GENERAL,1897
normally,正规地；合规则；正常地,GENERAL,GENERAL,1898
phrase,惯用语；词组；成语,GENERAL,GENERAL,1899
ingredient,成分；因素,GENERAL,GENERAL,1900
ultimate,终极；根本；顶点,GENERAL,GENERAL,1901
hip,臀部；蔷薇果；忧郁,GENERAL,GENERAL,1902
switch,开关；电闸；转换,GENERAL,GENERAL,1903
valuable,有价值的；贵重的；宝贵的,GENERAL,GENERAL,1904
gear,齿轮；工具,GENERAL,GENERAL,1905
barrier,障碍；栅栏,GENERAL,GENERAL,1906
minor,未成年人；副修科目,GENERAL,GENERAL,1907
council,会议；委员会,GENERAL,GENERAL,1908
classic,古典作品；杰作；大艺术家,GENERAL,GENERAL,1909
chemical,化学药品,GENERAL,GENERAL,1910
label,标签；称号；商标,GENERAL,GENERAL,1911
index,索引；指针；指数,GENERAL,GENERAL,1912
draft,气流；草稿；汇票,GENERAL,GENERAL,1913
extraordinary,非常的；特别的；非凡的,GENERAL,GENERAL,1914
heaven,天堂；上帝；天空,GENERAL,GENERAL,1915
rough,粗糙的东西；毛坯；未加工品,GENERAL,GENERAL,1916
drama,戏剧；戏剧艺术,GENERAL,GENERAL,1917
personally,亲自地；个别地；当面,GENERAL,GENERAL,1918
clock,时钟；计时器；(袜子上的)绣花边花,HOME,HOME,1919
chocolate,巧克力,FOOD_LIFE,SUPERMARKET,1920
sweep,扫除；打扫；肃清,GENERAL,GENERAL,1921
spin,旋转；自旋；疾驰,GENERAL,GENERAL,1922
button,钮扣；按钮,GENERAL,GENERAL,1923
bell,铃；钟,GENERAL,GENERAL,1924
rank,等级；排；横列,GENERAL,GENERAL,1925
clothing,衣服,GENERAL,GENERAL,1926
fence,围墙；栅栏；买卖赃物的人,GENERAL,GENERAL,1927
bunch,串；束,GENERAL,GENERAL,1928
found,建立；创立；铸造,GENERAL,GENERAL,1929
react,起反应；起作用；反攻,GENERAL,GENERAL,1930
chamber,室；房间；枪膛,GENERAL,GENERAL,1931
furniture,家具；帆具,GENERAL,GENERAL,1932
ceremony,典礼；仪式；礼节,GENERAL,GENERAL,1933
string,线；细绳；一串,GENERAL,GENERAL,1934
communicate,显露；传达；感染,GENERAL,GENERAL,1935
lost,失去的；遗失的；迷惑的,GENERAL,GENERAL,1936
resort,度假胜地；手段；凭借,GENERAL,GENERAL,1937
unlikely,不太可能的,GENERAL,GENERAL,1938
infection,传染；影响；传染病,GENERAL,GENERAL,1939
cabinet,橱柜；内阁,GENERAL,GENERAL,1940
apple,苹果；家伙,FOOD_LIFE,KITCHEN|SUPERMARKET,1941
electric,电的；导电的；电动的,GENERAL,GENERAL,1942
proceed,继续进行；进行；开始,GENERAL,GENERAL,1943
bet,打赌；赌注,GENERAL,GENERAL,1944
virus,病毒；滤过性病毒；毒害,GENERAL,GENERAL,1945
fortune,财富；运气；兴隆,GENERAL,GENERAL,1946
stupid,愚蠢的；麻木的,GENERAL,GENERAL,1947
assistant,助手；助理；助教,GENERAL,GENERAL,1948
overcome,战胜；克服；胜过,GENERAL,GENERAL,1949
remarkable,不平常的；值得注意的；显著的,GENERAL,GENERAL,1950
occupy,占领；占(时间、空间等)；住进,GENERAL,GENERAL,1951
encounter,相会；相遇；遭遇,GENERAL,GENERAL,1952
shopping,买东西；购物,FOOD_LIFE,SUPERMARKET,1953
cousin,堂兄弟姊妹；表兄弟姊妹,GENERAL,GENERAL,1954
initially,最初；开头,GENERAL,GENERAL,1955
blind,蒙蔽物；窗帘,GENERAL,GENERAL,1956
port,港口；埠；舱门,GENERAL,GENERAL,1957
electricity,电；电流；电学,GENERAL,GENERAL,1958
retain,保持；保有；留住,GENERAL,GENERAL,1959
latter,后者的；较后的；近来的,GENERAL,GENERAL,1960
accurate,正确的；精确的,GENERAL,GENERAL,1961
whereas,然而；鉴于,GENERAL,GENERAL,1962
odd,奇数的；古怪的；剩余的,GENERAL,GENERAL,1963
rice,米；米饭；稻,FOOD_LIFE,KITCHEN|SUPERMARKET,1964
tight,紧的；密封的；吝啬的,GENERAL,GENERAL,1965
chart,图表；海图,GENERAL,GENERAL,1966
square,正方形；街区；广场,GENERAL,GENERAL,1967
complicated,复杂的,GENERAL,GENERAL,1968
concentration,集中；专心,GENERAL,GENERAL,1969
revolution,革命；大变革；旋转,GENERAL,GENERAL,1970
strip,长条；条状；带,GENERAL,GENERAL,1971
friendly,友好的；亲切的；互助的,GENERAL,GENERAL,1972
senator,参议员；(某些大学的)理事,GENERAL,GENERAL,1973
guarantee,担保；抵押品；保证书,GENERAL,GENERAL,1974
innocent,无罪的；不懂事的；无知的,GENERAL,GENERAL,1975
pause,暂停；中止；停顿,GENERAL,GENERAL,1976
remote,遥远的；偏僻的；疏远的,GENERAL,GENERAL,1977
lover,爱人；爱好者,GENERAL,GENERAL,1978
raw,擦伤处；半成品,GENERAL,GENERAL,1979
withdraw,撤回；取回；撤消,GENERAL,GENERAL,1980
pole,波兰人；极点；磁极,GENERAL,GENERAL,1981
newly,重新；最近,GENERAL,GENERAL,1982
valley,山谷；溪谷；流域,GENERAL,GENERAL,1983
naturally,自然地；以自然力；天生地,GENERAL,GENERAL,1984
imply,暗示；意味,GENERAL,GENERAL,1985
advanced,在前的；高级的；先进的,GENERAL,GENERAL,1986
pride,骄傲；自尊心；自豪,GENERAL,GENERAL,1987
dismiss,解散；开除；解职,GENERAL,GENERAL,1988
aircraft,航空器；飞机,GENERAL,GENERAL,1989
delivery,递送；交付；分娩,GENERAL,GENERAL,1990
mainly,主要地；大抵,GENERAL,GENERAL,1991
platform,站台；月台；讲台,GENERAL,GENERAL,1992
freeze,冻结；冷冻；僵硬,GENERAL,GENERAL,1993
finance,财政；财务,GENERAL,GENERAL,1994
god,上帝；神像；偶像,GENERAL,GENERAL,1995
sink,藏垢的场所；沟渠；污水槽,GENERAL,GENERAL,1996
bake,烘焙；烤,GENERAL,GENERAL,1997
attractive,吸引人的；有魅力的,GENERAL,GENERAL,1998
relevant,有关联的；有关系的；适当的,GENERAL,GENERAL,1999
ideal,理想；典范；观念,GENERAL,GENERAL,2000
