text,meaningCn
ruler,尺子
pencil,铅笔
eraser,橡皮
crayon,蜡笔
bag,包
pen,钢笔
book,书
no,不
your,你的
red,红色；红色的
green,绿色；绿色的
yellow,黄色；黄色的
blue,蓝色；蓝色的
black,黑色；黑色的
brown,棕色；棕色的
white,白色；白色的
orange,橙色；橙色的
ok,好；行
mum,妈妈
face,脸
ear,耳朵
eye,眼睛
nose,鼻子
mouth,嘴
arm,胳膊
hand,手
head,头
body,身体
leg,腿
foot,脚
school,学校
duck,鸭子
pig,猪
cat,猫
bear,熊
dog,狗
elephant,大象
monkey,猴子
bird,鸟
tiger,老虎
panda,大熊猫
zoo,动物园
funny,滑稽的；好笑的
bread,面包
juice,果汁
egg,蛋
milk,牛奶
water,水
cake,蛋糕
fish,鱼
rice,米饭
one,一
two,二
three,三
four,四
five,五
six,六
seven,七
eight,八
nine,九
ten,十
brother,兄；弟
plate,盘子
uk,英国
canada,加拿大
usa,美国
china,中国
she,她；它
student,"学生, 学者"
pupil,小学生
he,他；它
teacher,"教师, 老师, 导师"
boy,"男孩, 儿子, 孩子气的人, 男仆"
and,和
girl,"女孩, 少女, 女仆, 女工作人员"
new,新的，新近的；新来的；不熟悉的
friend,朋友，友人；支持者，同情者
today,今天；现在，目前
father,父亲；爸爸
dad,爸爸；爹爹
man,男人
woman,女人
mother,母亲；妈妈
sister,姐；妹
grandmother,祖母
grandma,祖母
grandfather,祖父
grandpa,祖父
family,家；家庭
thin,瘦的
fat,胖的；肥的
tall,高的
short,矮的；短的
long,长的
small,小的
big,大的
giraffe,长颈鹿
so,这么；那么
children,儿童
child,儿童
tail,尾巴
on,在⋯⋯上
in,在⋯⋯里
under,在⋯⋯下面
chair,椅子
desk,书桌
cap,帽子
ball,球
car,小汽车
boat,小船
map,地图
toy,玩具
box,盒；箱
pear,梨
apple,苹果
banana,香蕉
watermelon,西瓜
strawberry,草莓
grape,葡萄
buy,买
fruit,水果
eleven,十一
twelve,十二
thirteen,十三
fourteen,十四
fifteen,十五
sixteen,十六
seventeen,十七
eighteen,十八
nineteen,十九
twenty,二十
kite,风筝
beautiful,美丽的
classroom,教室
window,窗户
blackboard,黑板
light,电灯
picture,图画
door,门
computer,计算机
fan,风扇
wall,墙壁
floor,地板
really,真的
near,距离近
tv,电视
clean,打扫
help,帮助
schoolbag,书包
storybook,故事书
candy,糖果
notebook,笔记本
key,钥匙
wow,呀
lost,丢失
cute,可爱的
strong,强壮的
friendly,友好的
quiet,安静的
hair,头发
shoe,鞋
glasses,眼镜
his,他的
or,或者
right,对的
hat,帽子
her,她的
bedroom,卧室
study,书房
kitchen,厨房
bathroom,浴室
bed,床
phone,电话
table,桌子
sofa,长沙发
fridge,冰箱
find,找到
them,他们
beef,牛肉
chicken,鸡肉
noodles,面条
soup,汤
vegetable,蔬菜
chopsticks,筷子
bowl,碗
fork,餐叉
knife,刀
spoon,"匙,勺子"
dinner,正餐
ready,准备好
pass,给
try,试
parents,父母
cousin,同辈表亲
uncle,叔叔
aunt,阿姨
doctor,医生
cook,厨师
driver,司机
farmer,农民
nurse,护士
people,人们
but,但是
little,小的
puppy,小狗
job,工作
basketball,篮球
library,图书馆
playground,操场
homework,作业
class,班级
forty,四十
way,方向
breakfast,早餐
lunch,午饭
over,结束
now,现在
o'clock,⋯⋯点钟
kid,小孩
thirty,三十
cold,冷的
cool,凉的
warm,温暖的
hot,热的
sunny,阳光充足的
windy,多风的
cloudy,多云的
snowy,下雪的
rainy,阴雨的
outside,在户外
weather,天气
degree,度
world,世界
london,伦敦
moscow,莫斯科
singapore,新加坡城
sydney,悉尼
fly,放
love,爱你的
tomato,西红柿
potato,马铃薯
carrot,胡萝卜
horse,马
cow,牛
sheep,绵羊
hen,母鸡
these,这些
yum,味道好
animal,动物
those,那些
garden,花园
farm,农场
goat,山羊
eat,吃
clothes,服装
pants,裤子
dress,连衣裙
skirt,女裙
coat,大衣
sweater,毛衣
sock,短袜
shorts,短裤
jacket,夹克衫
shirt,衬衫
yours,你的
whose,谁的
mine,我的
pack,收拾
wait,等待
glove,手套
scarf,围巾
umbrella,伞
sunglasses,太阳镜
pretty,美丽的
expensive,贵的
cheap,便宜的
nice,好的
size,尺码
too,太
just,正好
eighty,八十
dollar,元
sale,特价销售
more,更多的
us,我们
old,老的
young,年轻的
kind,体贴的
strict,严厉的
polite,有礼貌的
hard-working,努力的
helpful,有用的
clever,聪明的
shy,羞怯的
know,知道
our,我们的
ms,女士
will,将要
sometimes,有时
robot,机器人
him,他
speak,会说
finish,完成
monday,星期一
tuesday,星期二
wednesday,星期三
thursday,星期四
friday,星期五
saturday,星期六
sunday,星期日
weekend,周末
wash,洗
watch,看
do,做
read,看
play,玩
cooking,烹饪
often,时常
park,公园
tired,疲倦的
sport,体育运动
should,应该
every,每一个
day,一天
schedule,工作计划
sandwich,三明治
salad,沙拉
hamburger,汉堡包
tea,茶
fresh,新鲜的
healthy,健康的
delicious,美味的
sweet,甜的
drink,喝
thirsty,渴的
favourite,特别喜欢的
food,食物
dear,亲爱的
onion,洋葱
sing,唱
song,歌曲
dance,跳舞
draw,画
cartoon,漫画
swim,游泳
ping-pong,乒乓球
we'll,我们将……
party,聚会
next,下一个的
wonderful,极好的
learn,学习
any,任何的
problem,没问题
want,要
send,邮寄
email,电子邮件
at,
clock,时钟
plant,植物
bottle,瓶子
bike,自行车
photo,照片
front,正面
between,在⋯⋯中间
above,在⋯⋯上面
beside,在旁边
behind,在⋯⋯后面
there,
grandparent,祖父母
their,他们的
house,房子
lot,大量
flower,花
move,搬家
dirty,肮脏的
everywhere,处处
mouse,老鼠
live,住
nature,自然界
forest,森林
river,河
lake,湖
mountain,山
hill,小山
tree,树
bridge,桥
building,建筑
village,村庄
boating,划船
aren't,不是
rabbit,兔
high,高的
exercise,活动
take,上
dancing,跳舞
when,什么时候
after,在⋯⋯之后
start,开始
usually,通常地
spain,西班牙
late,晚
why,为什么
shop,购物
work,工作
last,上一个的
sound,听起来好像
also,还
busy,忙的
need,需要
letter,信
island,岛
always,总是
cave,山洞
win,获胜
spring,春天
summer,夏天
autumn,秋天
winter,冬天
season,季节
picnic,野餐
pick,摘
snowman,雪人
which,哪一个
best,最
snow,雪
because,因为
vacation,假期
all,完全
pink,粉色
lovely,可爱的
leaf,叶子
fall,落下
paint,绘画
january,一月
february,二月
march,三月
april,四月
may,五月
june,六月
july,七月
august,八月
september,九月
october,十月
november,十一月
december,十二月
few,不多
thing,事情
meet,集会
easter,复活节
trip,旅行
year,年
contest,比赛
national,国家的
american,美国的
thanksgiving,感恩节
christmas,圣诞节
holiday,节日
game,游戏
roll,滚动
chocolate,巧克力
bunny,兔子
rsvp,请赐复
by,在⋯⋯之前
first,第一
second,第二
third,第三
fourth,第四
fifth,第五
twelfth,第十二
twentieth,第二十
twenty-first,第二十一
twenty-third,第二十三
thirtieth,第三十
special,特殊的
fool,蠢人
kitten,小猫
diary,日记
still,仍然
noise,噪音
fur,动物皮毛
open,开着的
walk,行走
hers,她的
theirs,他们的
ours,我们的
climbing,攀登
eating,吃
playing,玩
jumping,跳
drinking,喝
sleeping,睡觉
each,每个
other,其他
excited,兴奋地
like,像⋯⋯那样
keep,保持
turn,顺序
bamboo,竹子
its,它的
show,指导，引导
anything,任何事物
else,另外
exhibition,展览
say,说；讲
sushi,寿司
teach,教
sure,当然
canadian,加拿大的
spanish,西班牙的
science,科学
museum,博物馆
bookstore,书店
cinema,电影院
hospital,医院
crossing,十字路口
left,左
bus,公共汽车
plane,飞机
taxi,出租汽车
ship,船
subway,地铁
train,火车
slow,慢的
down,减少
stop,停下
mrs,夫人
early,早到的
helmet,头盔
must,必须
wear,戴
attention,注意
traffic,交通
munich,慕尼黑
germany,德国
alaska,阿拉斯加州
sled,雪橇
fast,快的
ferry,轮渡
scotland,苏格兰
visit,拜访
film,电影
supermarket,超市
evening,晚上
tonight,今晚
tomorrow,明天
dictionary,词典
comic,滑稽的
word,单词
lesson,课
space,太空
travel,旅行
half,一半
price,价格
together,一起
mooncake,月饼
poem,诗
moon,月亮
studies,学习
puzzle,谜
hiking,远足
hobby,业余爱好
jasmine,茉莉
idea,主意
canberra,堪培拉
amazing,令人惊奇的
shall,表示征求意见
goal,射门
join,加入
club,俱乐部
share,分享
factory,工厂
worker,工人
postman,邮递员
businessman,商人
fisherman,渔民
scientist,科学家
pilot,飞行员
coach,教练
country,国家
sea,大海
stay,保持
university,大学
gym,体育馆
if,如果
reporter,记者
use,使用
type,打字
quickly,迅速地
secretary,秘书
angry,生气的
afraid,害怕
sad,难过的
worried,担心的
happy,高兴的
deep,深的
breath,呼吸
count,数数
chase,追赶
mice,老鼠
bad,邪恶的
hurt,受伤
ill,有病
wrong,有毛病
feel,觉得
well,健康
sit,坐
grass,草坪
ant,蚂蚁
worry,担心
stuck,陷住
mud,泥
pull,拉
everyone,每人
younger,更年轻的
older,更年长的
taller,更高的
shorter,更矮的
longer,更长的
thinner,更瘦的
heavier,更重的
bigger,更大的
smaller,更小的
stronger,更强壮的
dinosaur,恐龙
hall,大厅
metre,米
meter,米
than,比
both,两个都
kilogram,千克
countryside,乡村
lower,更低地
shadow,影子
smarter,更聪明的
become,变成
cleaned,打扫
stayed,待
washed,洗
watched,看
had,得病
slept,睡觉
saw,看
yesterday,昨天
before,在⋯⋯之前
drank,喝
magazine,杂志
better,更好的
faster,更快的
hotel,旅馆
fixed,修理
broken,破损的
lamp,台灯
loud,大声的
enjoy,享受⋯⋯的乐趣
went,去
camp,野营
rode,骑
ate,吃
took,拍照
bought,买
gift,礼物
fell,摔倒
off,落下
mule,骡子
turpan,吐鲁番
could,能
till,直到
beach,沙滩
basket,篮子
part,角色
licked,舔
laughed,笑
ago,以前
cycling,骑自行车运动
ice-skate,滑冰
badminton,羽毛球运动
star,星
easy,容易的
internet,互联网
different,不同的
active,活跃的
race,赛跑
nothing,没有什么
thought,想
felt,感觉
cheetah,猎豹
woke,醒
dream,梦
straight,笔直的
ask,问
sir,先生
interesting,有趣的
italian,意大利的
restaurant,餐馆
pizza,比萨饼
street,大街
get,到达
gps,全球
gave,提供
feature,特点
follow,跟着
far,较远的
tell,告诉
a,indefinite article. 一，一个〔用于未曾提及或对方不知道的人或物的名称前〕
i,我 碘元素；英语字母I
am,是
an,indefinite article. 一〔用于以元音开头的单词前〕
as,因为；随着；虽然
be,是；有，存在；做，成为
cd,abbr. 光盘，激光唱片；呼叫设备；中央地区
is,存在， 是
it,它；这；那 abbr. 信息技术information technology
me,我 自我；极端自私的人；自我的一部分
my,我的 int. 哎呀；喔唷 人名；美
of,关于；属于；…的
to,向前；关上 到；向
up,起来；上涨；向上 在…之上
we,我们；笔者，本人；朕，寡人 人名
act,扮演；装作，举动像 行为，行动；法令，法案
add,加；增加；加起来
age,年龄；时代；寿命，使用年限
aid,帮助， 救助 帮助，救助；助手；辅助手段
aim,瞄准， 对准；目的是， 旨在；针对
air,空气，大气；天空；样子
are,存在， 是
art,艺术；美术；艺术品 艺术的
bee,蜜蜂，蜂；勤劳的人
bit,比特；少量；马嚼子
bow,n& 鞠躬， 低头；鞠躬， 低头
bye,int. 再见 轮空；次要的东西 次要的
can,将…装入密封罐中保存 能；能够；可以
con,反对票， 反对论
cry,叫喊；哭出；大声说 叫喊
cup,杯子；奖杯；酒杯 使成杯状
cut,切， 剪；修剪， 剪短；割破， 划破
dig,挖，掘 挖苦，嘲讽
dry,干的；口渴的；枯燥无味的
end,结束；目标；尽头
fax,传真 传真；传真电文
fit,安装；使……适应；使……合身
fix,使固定；修理；安装
flu,流感
for,为，为了；因为；给
fox,欺骗；使变酸 狐狸；狡猾的人
fry,油煎， 油炸
fun,乐趣；玩笑；有趣的人或事 供娱乐用的 开玩笑
god,神；上帝 膜拜，崇拜
ham,火腿；业余无线电爱好者；蹩脚演员 表演过火 过火的
hey,int. 嘿
hit,打， 击中；碰撞
how,如何；多少；多么 方法
hum,哼曲子；发出嗡嗡声；忙碌， 充满活力
ice,冰；冰淇淋；矜持
ink,签署；涂墨水于 墨水，墨汁；油墨
jew,犹太人；犹太教徒
joy,欢乐，快乐；乐趣；高兴 欣喜，欢喜
lab,实验室，研究室
lap,腰以下到膝为止的大腿部；一圈；一段旅程
law,法律；规律；法治
lay,躺下；产卵；搁放
let,允许， 让；假设；出租
lie,躺；说谎；位于
low,低的，浅的；卑贱的；粗俗的
mad,疯狂的；发疯的；愚蠢的
mix,使混合，配制；相混，搞混 混合， 搅和
mom,妈妈
net,净的， 纯的 网；网状系统
nod,点头；打盹；摆动 点头
nor,也不；也不是 也不；也没有 人名
not,表示否定，不 “非”
oak,橡树；橡木
oil,油；石油；油画颜料 加油
out,出现；在外；出局
own,拥有；承认 自己的；特有的 自己的
pay,付钱，支付，交纳 工资， 薪金
pet,宠物；生气；受宠爱的人 宠爱 宠爱的
pie,馅饼；饼图；爱说话的人 使杂乱
pop,突然地从〔某物〕中出来，蹦出，离开，脱落 流行音乐，流行歌曲
pro,〔相对于业余爱好者而言的〕专业人士，职业人员〔尤指职业运动员〕 职业性的；专业的 赞成的，支持的
put,放， 摆， 使处于；说， 表达；提出， 提交
rat,鼠；卑鄙小人，叛徒 捕鼠；背叛，告密
row,行，排；划船；街道
run,跑， 奔跑；行驶， 驾驶；蔓延， 伸展
see,看， 观看；参见， 会晤；领会， 理解
set,〔小心地〕放置，放下 〔物品的〕一套，一副，一组 在…位置的，位于…的
sky,天空；顶点 把…投向空中；把…挂得过高
son,儿子；孩子；男性后裔
sun,太阳 使晒
tag,标签，标牌 给…加上标签，给…挂上标牌
the,这；那 更加
tie,系；约束；打结
ton,吨；很多，大量
top,顶部，顶端；上部；首席
vcd,abbr. 视频高密光盘；可变电容二极管
wet,潮湿的；有雨的 雨天；湿气 弄湿
who,谁；什么人
yes,"是, 是的 是"
yet,还；但是；已经 但是
yin,阴
you,你；你们 人名；尤
able,能；有能力的；能干的 人名
ache,疼痛；渴望 疼痛
area,区域，地区；面积；范围
army,陆军，军队
asia,亚洲
away,离去，离开；在远处
baby,婴儿，婴孩；孩子气的人 纵容，娇纵；把……当婴儿般对待 婴儿的
back,后面；背部；靠背
band,乐队；群， 伙；带， 箍
bank,银行；岸；浅滩
beat,打， 击， 敲；打败， 胜过；跳动
bell,铃，钟；钟声，铃声；钟状物 装钟于，系铃于
belt,地带， 地区；腰带， 皮带
bill,法案；广告；账单
blow,〔风〕吹，刮 打击
boil,沸腾，煮沸 沸腾
born,出世 天生的 人名；邦；博恩
boss,老板；首领；工头 指挥，调遣
bulb,植物的球茎；灯泡
burn,燃烧， 点燃
bush,灌木， 灌木丛
cage,笼子
call,呼叫；拜访；叫牌 电话
calm,镇静的，镇定的；平静的，无风的 平静；镇静
card,卡片；纸牌；明信片 记于卡片上
care,关怀；照料；谨慎
case,事例， 实例；情况， 事实；病例
cent,分；一分的硬币；森特
chat,n& 闲谈， 聊天
chew,咀嚼；咬住， 不停地啃
chip,削下 碎片；芯片
chop,切，劈，砍 〔羊、猪等〕排骨
city,城市，都市 城市的；都会的
clap,鼓掌，拍手；啪地关上 鼓掌；拍手声
coal,上煤；加煤 煤；煤块
coin,铸造；杜撰，创造 硬币，钱币
coke,焦炭；可卡因；可口可乐 焦化
cola,可乐饮料
come,来， 来到；达到， 至；产生， 来
copy,复制；复印；抄袭 副本
cost,费用；成本 价格为；需支付〔某一数量的钱〕
dare,挑战；挑动 敢冒；不惧
dark,黑暗的，深色的；模糊的；无知的
date,日期；约会；年代
deaf,聋的
deal,处理；给予；分配
diet,进特种饮食， 节食 日常饮食；特种饮食，规定饮食
dish,盘；餐具；一盘食物
doll,洋娃娃；玩偶；无头脑的美丽女人 把…打扮得花枝招展
drop,滴；使降低；使终止
drum,击鼓；大力争取 鼓；鼓声
dull,乏味的， 单调的；晦暗的；愚钝的， 笨的
duty,责任；关税；职务
east,东方；东风；东方国家 东方的
edge,边缘；优势；刀刃
even,偶数的；平坦的；相等的 甚至
ever,永远；曾经；究竟 人名
exam,考试；试题；检查， 调查
fact,事实；实际；真相
fail,失败，不及格；破产；缺乏
fair,公平的；美丽的，白皙的；晴朗的 公平地
fear,害怕；恐惧；敬畏
fill,装满，使充满；满足；堵塞
fine,好的；优良的；细小的，精美的
fire,火；火灾；炮火
firm,坚实的， 结实的；稳固的；坚定的， 坚决的 公司，商行
flag,标记；衰退；枯萎 标志
flat,平的；单调的；不景气的
flee,逃离， 逃跑
fold,折叠， 合拢 褶痕，褶缝
form,形式，形状；形态，外形；方式
free,免费的；自由的，不受约束的；游离的 使自由，解放
frog,青蛙；辙叉；饰扣 捕蛙
from,从…来， 出自；离；去除， 免掉
full,完全的，完整的；满的，充满的；丰富的
gate,大门；出入口；门道 给…装大门
glad,高兴的；乐意的；令人高兴的
gold,金，黄金；金色；金币 金的，金制的
hang,悬挂， 吊；徘徊；吊
hard,努力的；硬的；困难的
hate,憎恨；厌恶；遗憾 憎恨
have,有；进行， 从事；享受， 经受
hear,听见；听到， 得知；审讯， 听证
heat,高温；压力；热度
heel,脚后跟， 踵；后跟
here,在这里；此时 int. 嘿！；喂！ 这里
hero,英雄， 勇士；男主角， 男主人公
hide,把…藏起来，隐藏 〔可观察鸟兽行动的〕隐匿处，埋伏处
hold,拿， 握；使保持某种状态
hole,洞， 孔眼；漏洞， 缺陷
home,家，住宅；产地；家乡
hope,希望；期望；信心 希望
host,主人；东道主；节目主持人
hour,小时；钟头；课时
huge,巨大的；庞大的；无限的 人名
inch,英寸；身高；少许 使缓慢地移动
into,到…里；深入…之中；成为…状况
iron,熨斗；烙铁；坚强 熨
jazz,爵士乐的 爵士乐
joke,玩笑，笑话；笑柄 开…的玩笑
jump,跳跃；暴涨；惊跳 跳跃
junk,丢弃， 废弃 废旧物品，破烂
keen,热心的；激烈的；敏锐的
kick,踢；反冲，朝后座 踢；反冲，后座力
kilo,千克
kiss,吻；轻拂 吻；轻拂
knee,膝盖，膝 用膝盖碰
lady,女士，夫人；小姐；妻子
lamb,羔羊，小羊；羔羊肉 生小羊，产羔羊
land,国土；陆地；地面 使…登陆
lazy,懒惰的；懒洋洋的；怠惰的
lead,领导；铅；导线
lend,把…借给， 出借；贷
less,更少地， 更小地 更少的，更小的
life,生命， 性命；一生， 寿命；生活， 生存
lift,举起；提升；鼓舞
line,路线，航线；排；绳 排成一行
lion,狮子；名人；勇猛的人
list,列表；清单；目录 列于表上
lock,锁，锁上；隐藏 锁；水闸
look,看；期待；注意
lose,失去， 损失；迷失， 使迷路；输， 输掉
luck,运气；幸运；带来好运的东西 靠运气，走运
mail,邮件；邮政，邮递；盔甲 邮寄
main,主要部分，要点；体力；总管道 主要的，最重要的
make,做， 制造；作出， 制定；使， 迫使
mall,购物中心， 商店区
many,许多人， 许多 许多的，多的
mark,标志；马克；符号
mars,火星；战神
math,数学
meal,一餐，一顿饭；膳食 进餐
mean,表示…的意思；意欲， 打算；意指， 意味着
meat,肉，肉类
mend,修理，修补；改善；修改 好转，改进
menu,菜单
mess,凌乱的状态， 脏乱的状态；混乱的局面， 困
mile,英里；一英里赛跑；较大的距离
mind,理智，精神；意见；智力
miss,女士，小姐，年轻未婚女子
most,最；极其，十分 最多的， 最大的；大多数的， 大部分的
much,十分，非常 许多， 大量
name,名称，名字；姓名；名誉 命名，任命
neck,脖子；衣领；海峡 搂著脖子亲吻
news,新闻，消息；新闻报导
none,没有人；一个也没有；没有任何东西 没有的，一点没有的 决不，一点也不 人名
noon,中午；正午；全盛期
note,笔记；音符；票据
obey,服从， 听从
once,一次；曾经 一旦 一次，一回
page,页；记录；大事件，时期
pain,使痛苦 痛，疼痛；痛苦，悲痛
pair,一对，一双，一副 把…组成一对
past,过去；往事 过去的；结束的 越过
path,道路；小路；轨道
peel,削…的皮，剥…的壳 皮；外衣
pity,怜悯，同情；遗憾 对……表示怜悯；对……感到同情
plan,计划；平面图 计划；设计
pond,筑成池塘 筑成池塘 池塘
pool,联营；撞球；水塘
poor,贫穷的；可怜的；贫乏的
pork,猪肉 与女子性交
post,岗位；邮件；标杆 张贴
pour,灌， 倒；倾泻， 流出
push,推动，增加；对…施加压力，逼迫；按
rain,雨；下雨；雨天
rank,排列， 使排成行；将…分等级；属于某等级， 居某地位 等级
real,实际的；真实的；实在的 真正地
rent,租借，租用；出租，出借 租金；出租
rest,使休息，使轻松；把…寄托于 休息，静止；休息时间
rich,富有的；肥沃的；昂贵的 人名
ride,骑；乘
rise,升起， 上升；起立；起床
risk,风险；危险；冒险 冒…的危险
road,公路，马路；道路；手段 沿臭迹追逐 巡回的
rock,岩石；摇滚乐；暗礁 摇动
role,角色；任务
room,房间；空间；余地
root,生根， 扎根 根；根本，根源
rope,绳，绳索 捆，绑
rose,玫瑰；粉红色；蔷薇
rude,粗鲁的， 无礼的；粗糙的， 粗陋的；猛烈的
rule,统治；管辖；裁定 统治
rush,冲进；匆促；急流
safe,安全的；可靠的；平安的 保险箱
sail,航行；启航，开船 帆，篷；航行
salt,盐；风趣，刺激性 咸水的；含盐的，咸味的
same,相同的；同一的；上述的
sand,沙；沙地；沙洲
save,节省；保存；储蓄
seal,封， 密封 封铅，封条；印，图章；海豹
seat,座位；所在地；职位 使…坐下
seek,寻找， 追求；征求， 请求；试图， 设法
seem,似乎；像是；装作 人名
sell,卖， 出售；推销
shut,关闭， 关上；打烊
sick,厌恶的；病态的；不舒服
side,方面；侧面；旁边 支持
sign,签；签署 标志，符号；招牌
silk,丝绸；蚕丝；丝织物 丝的
sink,下沉，沉没 洗脸盆；洗涤槽；洗碗池
skin,皮；兽皮， 毛皮；外皮， 外壳
soap,肥皂 将肥皂涂在……上；对……拍马屁
soft,软的，柔软的；温柔的，温和的；软弱的
some,一些；某个；大约
soon,快；不久，一会儿；立刻
sort,种类；方式；品质 分类
sour,酸的；发酵的；刺耳的
spot,地点， 处所；斑点， 污点；少量
step,步，脚步；步骤；步伐
such,这样的，如此的 人名；萨奇；祖赫
suit,一套衣服；套
surf,冲浪；冲浪， 浏览 拍岸浪花；拍岸涛声
tale,故事；传说；叙述
talk,说；谈话；讨论 谈话
tape,胶带；磁带；带子
task,分派任务 工作，作业；任务
team,队；组 使合作
teen,青少年的 少年男女，青少年
tent,帐篷；住处；帷幕 用帐篷遮盖
term,术语；学期；期限
test,试验；检验 试验；测试
text,文本；课文；主题 发短信
that,那；那个 那么；那样 因为
then,然后；那么；于是
they,他们；它们；她们
this,这；这个；这里 这
tidy,整齐的；相当大的 整理；收拾
time,时间；时代；次数
tiny,微小的；很少的 人名；蒂尼
tool,工具，用具；器械，机床；手段 使用工具
tour,n& 旅行， 旅游
town,城镇，市镇；市内商业区
true,真实的；正确的 真实地；准确地 真实
twin,孪生的， 成双的 孪生儿之一，双胞胎之一
unit,单位，单元；装置；部队
upon,在…之上
verb,动词
very,恰好是，正是；甚至；十足的
view,考虑， 认为；观察， 看 看法，观点；视野，眼界
wake,醒来， 唤醒；激起， 唤起；警觉， 振奋
warn,警告，提醒；通知 人名；沃恩
wave,挥手示意；波动， 飘动；高潮， 高涨 波，波浪
weak,疲软的；虚弱的；无力的
week,周，星期
west,西；西方；西部 西方的
what,什么；多么；多少 什么
whom,谁
wide,广泛的；宽的，广阔的；张大的
wife,妻子，已婚妇女；夫人
wild,野生的， 未驯化的；荒凉的， 荒芜的；狂热的， 疯狂的
wind,风；呼吸；气味
wine,酒，葡萄酒；紫红色 喝酒
wise,明智的；聪明的；博学的 使知道
wish,希望；祝福；心愿 祝愿
with,用；随着；支持
wolf,狼；残忍贪婪之人
wood,木材；木制品；树林 收集木材 植林于
yang,阳
yard,院子；码；庭院
yeah,是
zero,零点，零度 零
about,关于；大约 在附近的；四处走动的
adult,发育成熟的；成熟的， 成人的 成年人；成年动物
again,又，此外；再一次；再说
agent,代理人， 代理商， 经纪人
agree,同意，赞成；承认；约定，商定
album,粘贴簿；集邮簿；相册
alien,外国的；外星的；陌生的
allow,允许；给予；认可
alone,独自的；单独的；孤独的 独自地
along,一起；向前；来到 沿着
aloud,大声地；出声地
among,在…中间；在…之中
argue,争论， 争吵， 争辩；提出理由证明， 主张；说服， 劝说
asian,亚洲人 亚洲的；亚洲人的
avoid,避免；避开，躲避；消除
awake,醒着的 醒， 唤醒；意识到， 醒悟
award,授予，给予；判给 奖， 奖品；报酬， 津贴
awful,极坏的；糟糕的， 令人不快的；可怕的
basic,基本的；基础的 基础；要素
beard,胡须
begin,开始
below,在下面，在较低处；在本页下面 在…下面 人名；贝洛
birth,出生；血统，出身；起源
blank,空白的， 空着的；茫然的， 无表情的
blind,盲目的；瞎的 盲目地；看不见地 掩饰，借口
block,阻碍；堵塞 大块；一排房屋
blood,血，血液；血统 从…抽血；使先取得经验
board,董事会；木板；甲板
brain,头脑，智力；脑袋 猛击…的头部
brave,勇敢的；华丽的 勇敢地面对 勇士
break,打破；损坏， 弄坏；破坏， 违反
brush,刷子；画笔；毛笔
build,建筑，建造，盖；造 体格；体形，身材
camel,骆驼；打捞浮筒；工作作风官僚 驼色的
carry,拿，扛；携带；支持
catch,抓住， 接住；偶然撞见；染上， 感染
cause,原因；事业；目标 引起
chalk,用粉笔写；用白垩粉擦；记录
chant,圣歌；赞美诗 唱；诵扬
cheat,欺骗；骗取 欺骗，作弊；骗子
check,检查，核对；制止，抑制；在…上打勾 <美>支票
cheer,欢呼；使高兴；为…加油 欢呼
chess,国际象棋，西洋棋
chest,胸，胸部；衣柜；箱子
chore,家庭杂务；困难的工作；令人厌烦的工作
clear,清楚的；清澈的；晴朗的
clerk,〈美〉店员；办事员， 职员
climb,爬；攀登；上升 爬
clone,克隆；无性系；无性繁殖
close,紧密的；亲密的；亲近的 关
cloud,云；阴云；云状物
coast,滑行；沿岸航行 海岸；滑坡
color,颜色；颜料；肤色 给…着色
comma,逗号
cough,咳嗽，咳嗽声；咳嗽病 咳出
court,献殷勤；追求， 求爱；招致， 导致 法庭，法院
cover,包括；采访，报导；涉及 封面，封皮
crazy,疯狂的；狂热的，着迷的
cream,奶油色的 奶油；护肤霜；奶油色
cross,交叉，十字；十字架，十字形物 交叉；杂交
crowd,聚集， 群集；挤， 推 人群，群众；一群，一批
cruel,残酷的，残忍的；使人痛苦的，让人受难的；无情的，严酷的
doubt,怀疑；疑问；疑惑 怀疑
dozen,十二个，一打 一打的
earth,地球；地表，陆地；土地，土壤
elbow,用肘推， 用肘挤 肘部
elder,老人；长辈；年长者
empty,空的；无意义的；无知的
enemy,敌人，仇敌；敌军 敌人的，敌方的
enter,进入；开始；参加 输入
essay,短文， 文章；随笔， 散文
extra,特别地 额外的；特别的 额外的事物， 另外收费的事物
fence,围住， 隔开；回避， 搪塞 栅栏，篱笆
fetch,取来；接来；到达
fever,发烧，发热；狂热 使发烧；使狂热
field,领域；牧场；旷野
fifty,五十；五十个；编号为50的东西 五十的
fight,打，与作战，战斗 打斗，打架
final,最终的；决定性的；不可更改的 决赛
force,力量；武力；军队
found,创立， 创办， 创建
furry,毛皮的， 盖着毛皮的
glass,玻璃；玻璃制品；镜子 反映
grade,年级；等级；成绩
great,伟大的，重大的；极好的，好的；主要的 大师
group,组；团体 群的；团体的 聚合
guard,守卫；警戒；护卫队
guess,猜测；认为；推测
guest,客人，宾客；顾客 款待，招待 客人的；特邀的，客座的
heart,心脏；感情；勇气
heavy,沉重的；繁重的，巨大的；拥挤的
hello,int. 喂， 你好
honey,蜜， 蜂蜜；甜蜜；宝贝儿， 亲爱的
honor,尊敬 尊敬，敬意；荣誉，光荣
human,人的；人类的 人；人类
hurry,匆忙，急忙 仓促；催促；迅速移动
india,印度
japan,日本
jeans,牛仔裤；工装裤
knock,敲；打；敲击 敲
labor,劳动；工作
large,大的；多数的；广博的 大大地
later,后来；过一会儿 后来的， 以后的， 后面的；新近的
laugh,笑；引人发笑的事或人 笑
least,最小的；最少的 最小；最少 最小
leave,离开， 出发；留下， 遗留；遗忘
level,水平；标准；水平面 水平的
local,地方性的，本地的；局部的；狭隘的 当地人， 本地人
lucky,幸运的；侥幸的
madam,夫人；女士；鸨母
magic,巫术；魔法；戏法 不可思议的
major,较大的；主要的 主修， 专攻 专业；少校
marry,嫁；娶；与……结婚 人名
match,使比赛；使相配；敌得过，比得上
maths,数学
maybe,也许；可能；大概 可能性
medal,奖牌， 奖章
metal,金属；合金 以金属覆盖 金属制的
might,modal verb. 可以〔用于礼貌地提出建议〕 力量；威力；权力
model,模型；典型；模范
money,钱；货币；财富
month,月，一个月的时间
movie,电影；电影院；电影业 电影的
music,音乐，乐曲
never,从未；决不
night,夜晚，晚上；黑暗，黑夜 夜晚的，夜间的
ninth,第九 第九的；九分之一的 九分之一
north,北，北方 北方的；朝北的 在北方，向北方
ocean,洋， 海洋；许多， 大量
offer,提供；出价；试图 提议
opera,歌剧
order,命令；顺序；规则
owner,所有者；物主
paper,纸；论文；文件
paris,巴黎
peace,和平；平静；和睦
penny,便士， 分
piano,钢琴
piece,块；件；篇
place,地方；住所；座位 放置
plain,平的；简单的；朴素的
point,要点；得分；标点
polar,地极的， 近地极的；磁极的；正好相反的， 截然对立的
pound,英镑；重击，重击声；兽栏
press,压， 按， 挤；压榨， 压迫；催促， 逼迫 报刊，报界，新闻界
pride,自豪；骄傲；自尊心 使得意，以…自豪
print,印刷业；印花布；印刷字体
prize,奖品；奖赏；战利品 珍视
proud,自豪的；得意的；自负的 人名
prove,证明；检验；显示
purse,手提袋；财力 皱起，使缩拢；撅嘴
queen,女王，王后；皇后；蜂王 使…成为女王或王后
queue,排队 行列
quick,核心；伤口的嫩肉 快的；迅速的，敏捷的
quite,很；相当；完全
radio,收音机；无线电广播设备 用无线电进行通信
raise,提高；筹集；养育
rapid,迅速的，急促的；飞快的；险峻的 急流
reach,达到；延伸；伸出手
relax,放松，休息；松懈，松弛；变从容
round,圆；循环；一回合
route,路线， 路程
rural,乡村的， 农村的
rusia,鲁西亚
sauce,沙司；调味汁， 酱汁；佐料
scary,恐怖的， 吓人的
scene,一场， 一个镜头， 一节；(戏剧、 事件
score,分数；二十；配乐
sense,感觉，功能；观念；道理
serve,为…服务；任；招待， 接待， 伺候
shake,n& 摇动， 摇；颤抖， 震动
shame,羞耻，羞愧；憾事，带来耻辱的人 使丢脸，使羞愧
shape,形状；模型；身材
shark,鲨鱼；勒索者， 诈骗者；放高利贷的人
shelf,架子， 搁板
shell,剥…的壳；炮击 壳，贝壳；外壳，框架
shine,照耀；发光，发亮；干得出色 光泽， 光
shiny,光亮的， 有光泽的；反光的
shock,震动， 冲击；震惊， 惊愕；电震， 电击， 触电
shoot,发射， 射击；投， 射门， 投篮；拍摄
shout,呼喊；喊叫；大声说 呼喊
sight,视力；景象；眼界
since,因为；由于；既然
sixth,月的第六日，第六个；六分之一 第六的，第六个的；六分之一的
sixty,六十；六十个
skate,滑冰；滑过 溜冰；冰鞋
skill,技能，技巧；本领，技术
sleep,n& 睡
slice,切成片，削 薄片， 切片；一份， 部分
slide,滑行，滑动 滑梯
smart,聪明的；巧妙的；敏捷的
smell,气味 闻出，闻到，嗅到
smile,微笑 微笑；笑容；喜色
snake,蛇；阴险的人 迂回前进
socks,袜子
solid,固体的；可靠的；立体的
solve,解决， 处理；解答
sorry,遗憾的；对不起的，抱歉的 int. 对不起，抱歉
south,南方，南边；南部 在南方，向南方 南的，南方的
spare,备用的；多余的；空闲的 留出， 抽出
spell,咒语， 符咒；魅力；连续的一段时间
spend,花费， 用；花；度过， 消磨
staff,为…配备人员， 任职于 全体职工，工作人员；杠，棒；参谋部
stage,舞台， 后台；平台， 高台；楼层， 楼架
stair,梯级
stamp,邮票；印记；标志
stand,站， 站立；坐落， 位于；继续存在， 保持有效
state,国家；州；情形 规定
steal,偷盗， 行窃；悄悄地移动
steam,蒸，散发；用蒸汽处理 蒸汽；精力 蒸汽的
steel,钢铁；钢制品；坚固 钢化
stick,粘，贴 柴枝，枝条
stone,石头；结石；宝石 石的，石制的 向扔石块
store,商店；储备，贮藏；仓库 贮藏，储存
storm,暴风雨；大动荡 起风暴；横冲直撞
story,故事；小说；新闻报道
style,风格， 文体；式样， 类型；流行式样， 时尚
sugar,糖；食糖；甜言蜜语 加糖于
super,极好的， 上等的；超级的；过分的
sweep,扫， 打扫， 拂；扫过， 掠过，
taste,味道；品味；审美 尝
tasty,美味的；引起食欲的 好吃的东西；吸引人的东西
tense,紧张的；拉紧的，绷紧的 拉紧，绷紧 时态
tenth,第十；十分之一 十分之一的；第十个的
thank,感谢 感谢 int. 谢谢
theme,主题， 题目；【音】主旋律
thick,最拥挤部分；活动最多部分；事物的粗大浓密部分 厚的
thief,贼， 小偷
think,想，认为，以为
throw,投， 扔， 抛；使突然陷入；使困惑， 使吃惊
toast,烘， 烤；敬酒， 为…干杯 烤面包，吐司；祝酒，祝酒词
tooth,牙，牙齿
topic,题目， 话题；主题
total,全部的；完全的；整个的 总数达 总数，合计
touch,接触；触动；使轻度受害 接触
towel,毛巾，手巾；纸巾 用毛巾擦
tower,塔；高楼；堡垒 高耸
trade,贸易，交易；行业；职业 交易，买卖
trash,垃圾， 废物；拙劣的文学作品；没用
treat,对待，处理；治疗，医治；款待，招待 款待， 招待
truck,卡车；交易；手推车 驾驶卡车
trust,信任，信赖；责任；托拉斯 信任，信赖
truth,真理；事实；诚实
tutor,辅导 导师；家庭教师
twice,两次；两倍
until,在…以前；直到…时 在…以前；到…为止
upset,心烦的， 苦恼的；不适的；心烦的， 苦恼的
usual,通常的，惯例的；平常的
value,值；价值；价格
video,视频；录像，录像机；电视 视频的
voice,声音；嗓音；发言权
waste,浪费；废物；荒地
weigh,权衡；考虑；称…重量 权衡
whale,猛揍；使惨败 鲸；巨大的东西
wheat,小麦；小麦色
wheel,转动， 旋转 轮，车轮
where,在哪里 哪里 在…的地方 地点
while,虽然；然而；当……的时候 一会儿
whole,完整的；纯粹的 整体；全部
worse,更坏的；更糟的；更差的 更差的事物 更严重地
worst,adv& 最坏， 最差， 最糟
worth,值…的 价值；财产
would,将，将要；愿意 will的过去式
wound,创伤，伤口 使受伤
write,写，写字；写作，作曲；写信
x-ray,X射线的， X光的
zebra,斑马 有斑纹的
feed,喂， 为…提供食物；吃， 以…为
give,给予， 赠送；供给， 提供；做出， 发出
king,国王；最有势力者；王棋 统治
only,只，仅仅；不料 唯一的，仅有的；最合适的 但是
ring,戒指；环， 圆圈；铃声
ugly,丑陋的；邪恶的；令人厌恶的
used,习惯的；二手的，使用过的 用；过去常做
wing,翼；翅膀；飞翔
abroad,在国外；到海外 往国外的 海外；异国
absent,缺席的；缺少的；心不在焉的
accent,口音；重音；强调
accept,接受；承认；承担
across,穿过；横穿 横过；在对面
adverb,副词
advice,建议；忠告；劝告
advise,建议；劝告，忠告；通知
afford,给予，提供；买得起 人名；阿福德
africa,非洲
almost,差不多，几乎
amount,合计 总额
answer,回答；符合 回答；答案
anyone,任何人；任何一个
anyway,无论如何，不管怎样；总之
appear,出现；显得；似乎
around,大约；到处；在附近 四处
artist,艺术家， 画家；能手
asleep,睡着的；麻木的；长眠的 熟睡地
author,作家， 作者；创始人， 发起者
avenue,林荫道；道路， 大街
beauty,美， 美丽；美人；美的东西
behave,表现；表现得体， 有礼貌；运转
belong,属于， 应归入
beyond,超过；越过；那一边
bitter,苦的；痛苦的；尖刻的
border,给…加上边， 围；邻接， 毗连；近似， 接近 边，边缘
borrow,借；借用；从其他语言中引入 人名
bother,打扰，麻烦；使不安，迷惑 麻烦， 焦急；令人烦恼的人
bottom,底部；末端；臀部
bright,明亮的，鲜明的；聪明的；愉快的 明亮地
butter,涂黄油于；讨好 黄油；奶油
camera,照相机；摄影机
cancel,取消；删去 取消，撤销
cancer,癌症；恶性肿瘤
candle,蜡烛；烛光；烛形物 对着光检查
center,集中于 圆心，正中；中心
centre,以…为中心 中心 中央的
chance,机会，际遇；运气，侥幸；可能性 偶然发生
change,改变；交换 变化；找回的零钱
cheese,奶酪；干酪；要人 停止 叛变的
choice,选择；选择权；精选品 精选的
choose,选择， 挑选
church,教堂；礼拜；教派 教会的
circle,循环，周期；圆；圈子
coffee,咖啡；咖啡豆；咖啡色
comedy,喜剧， 喜剧性
common,共同的；普通的；一般的
cooker,炊具；烹饪用水果；窜改者
cookie,饼干
corner,角落，拐角处；地区，偏僻处；困境，窘境 囤积
cotton,棉花；棉布；棉线 一致
couple,对；夫妇；数个 结合
course,科目；课程；过程
create,创造，创作；造成
custom,习惯，风俗；惯例
danger,危险；危险物，威胁
decide,决定；解决；判决
depend,依赖，依靠；取决于；相信，信赖
design,设计；预订， 指定；谋划， 构思 设计，构想
direct,直接的；直系的；亲身的
divide,划分；除；分开
donate,捐赠， 赠送
double,两倍；双精度型 双重的；两倍的 加倍，加倍努力
drawer,抽屉；开票人；出票人
effort,努力；成就
eighth,第八的；八分之一的 第八；八分之一
either,两者之中任一的；两者之中每一的 任何一个 也；根本 任一，两方，随便哪一个
energy,能量；精力；活力
enough,足够地，充足地 很多；充足 充足的 int. 够了！
escape,逃脱，逃走；避免，躲避 逃脱， 逃跑；逃避
europe,欧洲
except,不计；把…除外 除…之外 除了；要不是
excite,激起；刺激…，使…兴奋
excuse,借口；理由 原谅；为…申辩
expect,期望；指望；认为
finger,手指；指针，指状物 伸出；用手指拨弄
flight,航班， 班机；飞行， 飞翔
forbid,不许， 禁止；妨碍， 阻止
forget,忘记， 遗忘
france,法国
freeze,结冰，冻结 〔价格、工资等的〕冻结
french,法国人
future,未来；前途；期货
garage,车库；汽车修理行
gentle,温柔的， 慈祥的；文雅的， 有礼貌的；温和的， 暖和的
golden,金色的，黄金般的；珍贵的；金制的 人名
granny,奶奶；外婆；婆婆妈妈的人
ground,地面；土地；范围
happen,发生；碰巧；偶然遇到
health,健康；卫生；保健
heaven,天堂；天空；极乐
height,高地；高度；身高
honest,诚实的，实在的；可靠的；坦率的
hunger,渴望， 渴望得到 饿，饥饿；食欲，胃口；渴望
hungry,饥饿的；渴望的；荒年的
indian,印度的；印第安人的；印第安语的 印度人
injure,伤害， 损害， 损伤
insect,昆虫， 虫
inside,里面；内部；内情
insist,坚持，强调
invent,发明；创造；虚构
invite,邀请，招待；招致 邀请
itself,它自己；它本身
jungle,丛林， 密林
latest,最近的
leader,领导者；首领；指挥者
legend,传说；传奇人物
listen,听，倾听；听从，听信 听，倾听
litter,垃圾；轿，担架；一窝
manage,管理；经营；控制
manner,方式，方法；态度，举止
market,市场；行情；股票市场
master,控制；精通；征服 硕士
matter,要紧， 有关系 事情，情况；物质；麻烦事，毛病
medium,中等的；平均的 媒介， 工具；手段， 方法
member,成员；会员；议员
memory,记忆，记忆力；内存， 存储器；回忆
method,方法；条理；类函数 使用体验派表演方法的
middle,中间的，中部的；中级的，中等的 中间，中央；腰部
minute,分，分钟；片刻，一会儿；备忘录，笔记
mirror,镜子；真实的写照；榜样 反射
modern,现代的，近代的；时髦的 现代人；有思想的人
modest,谦虚的， 谨慎的；适度的
myself,我自己；我亲自；我的正常的健康状况和正常情绪
nearby,在附近 附近的
ninety,九十 九十的；九十岁的 九十
nobody,无人，没有人；没有任何人 无名小卒；小人物
noodle,面条；笨蛋
normal,正常的；正规的，标准的 正常；标准
notice,通知，布告；注意；公告 通知
number,数；期；号码
object,目标；物体；客体
offend,冒犯， 得罪；伤害…的感情；使厌恶， 使不舒服
office,办公室；政府机关；官职
online,在线的；联机的， 联网的
palace,宫殿；宅邸；豪华住宅
pardon,原谅；赦免；宽恕 原谅
parent,父亲；父母亲；根源
parrot,鹦鹉
period,周期，期间；时期；月经
person,人；身体；容貌，外表
phrase,用语言表达， 叙述 短语，词组，用语
pierce,刺穿， 刺破， 穿透；穿孔， 打眼
planet,行星
player,选手， 队员；做游戏的人；演员
please,使喜欢；使高兴，使满意 int. 请
plenty,丰富，大量；充足 足够的，很多的 足够
pocket,口袋；钱；容器 隐藏
police,警察，警方；治安 监督；管辖
policy,政策，方针；保险单
poster,招贴， 海报， 广告
praise,赞扬；称赞；荣耀
prefer,更喜欢， 宁愿
proper,适当的；本身的；特有的
public,公众的；政府的；公用的
punish,惩罚；严厉对待；贪婪地吃喝
purple,紫色的；帝王的；华而不实的 紫色
rather,宁可，宁愿；相当 int. 当然啦 人名；拉瑟
reason,推断， 分析；推论， 推理；理喻， 劝告 原因，理由
recent,最近的；近代的
recipe,烹饪法， 食谱；方法；秘诀， 诀窍
recite,背诵；叙述；列举
record,记录，记载；标明；将录音 档案，履历
refuse,垃圾；废物 拒绝；不愿
regard,注意；尊重；问候
regret,遗憾；抱歉；悲叹 后悔
remain,保持；依然；留下
repair,修理；修复 修理，修补；修补部位
repeat,重复；复制；背诵 重复
report,报告；报道；成绩单 报告
result,结果；成绩；答案
retell,复述；再讲；重述
retire,退休， 退役；退下， 退出；退却， 撤退
return,返回；报答 返回；归还
reveal,揭露， 揭示；泄露；展现， 显示
review,回顾；复习；评论
riddle,解谜；给出谜；充满于 谜语
rocket,迅速上升；猛涨 火箭
rubber,橡胶；橡皮；合成橡胶
russia,俄国， 俄罗斯
safety,安全；保险；安全设备
screen,屏，幕；屏风 筛；拍摄
search,搜寻；调查；探求 搜寻
secret,秘密；秘诀；机密 秘密的
seldom,很少，不常
shower,淋浴；一阵，一大批；阵雨 大量地给予
silent,沉默的；寂静的；无记载的 无声电影
silver,镀银 银；银器；银币
simple,简单的；单纯的；天真的 笨蛋
singer,歌手
single,单一的；单身的；单程的 一个
sleepy,欲睡的；困乏的；不活跃的
smooth,顺利的；光滑的；平稳的 使光滑
soccer,足球
social,社会的，社交的；群居的 联谊会；联欢会
speech,演讲；讲话；语音
spider,蜘蛛
spirit,精神；心灵；情绪
spoken,口头的， 口语的
spread,展开，伸开；散布，蔓延；涂，敷 传播， 蔓延
square,平方的；正方形的；直角的
stairs,楼梯；梯级
stream,溪流；流动；潮流
stress,强调， 着重；重读 压力，紧张；强调，重要性
stupid,愚蠢的；麻木的；乏味的 傻瓜，笨蛋
sudden,突然的，意外的；快速的 突然发生的事
supper,晚餐，晚饭；夜宵
survey,调查， 检视；测量， 勘测；全面审视， 概括论述
symbol,象征；符号；标志
talent,天资， 才能；人才
tennis,网球
though,可是，虽然；不过；然而 虽然
thread,线；螺纹；思路
thrill,兴奋， 激动；引起激动的事物；震动， 颤抖
throat,咽喉， 嗓子
ticket,票；入场券，标签；候选人名单
toilet,厕所，盥洗室；梳妆，打扮 梳妆，打扮 给…梳妆打扮
tongue,舌头；语言 舔；斥责
toward,向， 朝， 面对；接近
turkey,火鸡；土耳其
turtle,海龟
unable,不能的， 不会的
unless,除非，如果不 除…之外
useful,有用的，有益的；有帮助的
violin,小提琴；小提琴手
waiter,侍者， 服务员
wallet,皮夹子
wealth,财富；大量；富有
weight,重量，重力；负担；砝码
winner,胜利者
wonder,惊奇；奇迹；惊愕 怀疑
writer,作者， 作家
yogurt,酸奶， 酵母乳
zigzag,“之”字形的 弯弯曲曲行进 “之”字形；蜿蜒曲折
alive,活着的；活泼的；有生气的
bored,无聊的， 无趣的；厌烦的
bring,带来， 拿来；把…引来；促使， 使发生
daily,日常的；每日的 日报；朝来夜去的女佣 日常地
drive,驱赶，驱使，迫使…去〔某处〕 驱车出行
reply,回答；答辩；回击 回答
silly,愚蠢的；不明事理的；没头脑的 傻瓜
speed,超速，加速；加速，迅速前行；兴隆 速度，速率
swing,摇摆；摆动；秋千
ability,能力，能耐；才能
achieve,取得；获得；实现
address,演说；从事；忙于
against,反对，违反；靠；倚
airline,航空公司；航线 航线的
airport,机场；航空站
already,已经，早已；先前
alright,好， 好吧
america,美洲；美国
ancient,古代的；古老的，过时的；年老的 古代人
another,又一，另一；另外的；不同的 另一个
anybody,任何人；随便哪一个人
anymore,再， 更， 还；目前， 现在， 今后
article,文章；物品；条款
attempt,n& 尝试， 企图；努力
balance,使平衡， 使均衡；称；权衡 天平，称
balloon,激增；膨胀如气球 气球 像气球般鼓起的
battery,电池， 蓄电池；排炮， 炮组；一系列， 一套
believe,信任；料想；笃信宗教
besides,此外；而且 除…之外
bicycle,骑自行车 自行车
biology,生物学
biscuit,小点心，饼干
breathe,呼吸；低语；松口气
cabbage,卷心菜，甘蓝菜，洋白菜；植物人；钱，尤指纸币
capital,首都，省会；资金；大写字母
captain,队长，首领；船长；上尉
careful,仔细的，小心的
century,世纪，百年；一百分
certain,某一；必然的；确信
charity,慈善， 施舍；慈善机构
chinese,中文，汉语；中国人 中国的，中国人的；中国话的
collect,收集；募捐 由收件人付款地 由收件人付款的 人名；科莱克特
college,大学；学院；学会
combine,联合，结合 联合企业；联合收割机
company,公司；陪伴，同伴；连队 交往
compare,比较 比拟，喻为；构成
concert,音乐会；一致；和谐 使协调
connect,连接；联合；关连
control,控制；管理；抑制
correct,改正；告诫 正确的；恰当的
costume,戏装；成套服装
courage,勇气；胆量
culture,文化，文明；修养；栽培 培养
dentist,牙科医生
dessert,甜食， 甜点
destroy,破坏， 毁灭
develop,开发；进步；使成长
discuss,讨论；论述，辩论
disease,病， 疾病；弊病 传染；使…有病
dislike,n& 不喜欢， 讨厌
dismiss,解散；解雇；开除
display,n& 陈列， 展览；显示， 表现
disturb,打扰；妨碍；使不安
eastern,东方的， 东部的
educate,教育；培养， 训练
england,英格兰
english,英国人的；英国的；英文的 英语
examine,检查；调查；检测
example,例子；榜样 作为…的例子；为…做出榜样 举例
explain,说明；解释
express,表达；快递 明确的；迅速的
fashion,流行款式， 时兴式样；时尚， 时兴
foreign,外国的；外交的；异质的
forward,向前的；早的；迅速的 向前地
gallery,画廊， 美术馆；楼座；廊台， 走廊
general,一般的，普通的；综合的；大体的 一般
grammar,语法；语法书
hallway,走廊， 回廊；门厅， 过道
handbag,手提包
herself,她自己；她亲自
himself,他自己；他亲自，他本人
history,历史，历史学；历史记录；来历
however,无论如何；不管怎样；然而
husband,节约地使用 丈夫
imagine,想像；猜想；臆断
impress,给…深刻印象， 使铭记
improve,改善，增进；提高…的价值
include,包含，包括
indoors,在屋内， 在室内
instead,代替；反而；相反
license,执照，许可证；特许 许可；特许
lookout,警戒， 监视；■望台， 监视哨；■望员， 监视者
machine,机械，机器；机构；机械般工作的人 用机器制造
manager,经理；管理人员
medical,医学的；药的；内科的 医生
message,消息；差使；启示
million,百万
mistake,〔行为、看法、言辞等上的〕错误 弄错，误解，误会
monitor,监视器；监听器；监控器
monster,巨大的， 庞大的 怪物；妖怪；巨人，巨兽，巨大的东西
mystery,秘密， 神秘的事物
natural,自然的；物质的；天生的
neither,也不；既不 两个都不；既不……也不 两者都不的 两者都不
officer,军官，警官；公务员，政府官员；船长 指挥
oneself,自己；亲自
operate,动手术；起作用；经营， 管理
opinion,意见， 主张
outdoor,在户外， 在野外 户外的，野外的
pacific,和平的；温和的；平静的 太平洋
package,包，包裹；套装软件， 程序包 一揽子的 打包；将…包装
pancake,薄烤饼；粉饼；平降 平坠着陆
partner,做…的搭档 配偶，搭档；伙伴，合伙人
passage,一段；走廊；通路
patient,有耐心的，能容忍的 病人；患者
percent,百分比，百分率；部分；百分数 百分之…的 以百分之…地
perfect,完美的；最好的；精通的 使完美
perform,做， 履行， 完成；演出， 表演
perhaps,或许；也许；或许
physics,物理学；物理现象
pioneer,先锋；拓荒者 开辟；倡导
plastic,塑料的；造型的；可塑的 塑料制品
popcorn,爆米花
popular,流行的，通俗的；受欢迎的；大众的
predict,预言， 预测
prepare,准备；使适合；装备
present,提出；介绍；呈现
pretend,假装， 佯作
prevent,预防，防止；阻止
primary,主要的；初级的；基本的 原色
private,私人的；私有的；私下的 列兵
produce,生产；引起；创作
product,产品， 产物；乘积
program,节目单；节目， 表演， 演出；计划， 方案
project,投射， 发射；放映；凸出， 伸出
promise,许诺，允诺；希望 允诺，许诺；给人以…的指望或希望
pronoun,代词
protect,保护，防卫；警戒
provide,提供；规定；准备
purpose,目的， 意图；用途；效果
quality,优良的， 优质的 质，质量；品德，品质；性质，特性
quarter,四分之一；地区；季度
railway,铁路；轨道；铁道部门 乘火车旅行
realize,认识到；了解；实现
recycle,回收利用， 再应用
regular,规则的；有规律的， 定期的；整齐的， 匀称的
require,需要；要求；命令
rubbish,垃圾，废物；废话 毫无价值的
russian,俄国的；俄语的 俄语；俄国人
satisfy,满足， 满意；确信， 信服
sausage,香肠；腊肠；装香肠的碎肉
servant,仆人，佣人；公务员；雇工
service,服务，服侍；服役；仪式 服务性的
seventh,第七；七分之一 第七的；七分之一的 居第七位地
seventy,七十；七十个；七十岁
several,几个的；各自的 几个；数个
shampoo,洗发剂；洗涤剂 用洗发剂洗头
silence,沉默；寂静；缄默
similar,相似的 类似物
slipper,用拖鞋打 拖鞋；轻便舞鞋
society,社会；交往；社团
soldier,军人；兵蚁；懒汉
someone,有人，某人
speaker,演讲者；扬声器；说话者
stomach,胃；腹部；胃口 忍受
strange,奇怪的；陌生的；外行的 奇怪地
subject,主题；科目；主语
success,成功，成就；胜利；大获成功的人或事物
suggest,提议，建议；启发；使人想起
support,支撑， 扶持， 拥护；供养， 赡养；维持
suppose,假设；认为；让
surface,表面；表层；外观 表面的，肤浅的 浮出水面
theater,戏院， 剧场；影剧院
theatre,戏院， 剧场；影剧院
through,通过；穿过；凭借 彻底
tourist,旅行者，观光客 旅游的 在旅行参观 旅游；观光 坐旅游车厢；坐经济舱
towards,向， 朝， 面对；接近
tragedy,惨事， 灾难；悲剧
trouble,麻烦；烦恼；故障
unhappy,不快乐的；不幸的， 悲惨的
uniform,相同的， 一致的 制服
unusual,不平常的， 少有的；独特的， 与众不同的
useless,无用的；无效的
vehicle,车辆；工具；交通工具
victory,胜利；成功；克服
visitor,访问者，参观者；视察者；候鸟
website,网站
weekday,平日，普通日；工作日
welcome,受欢迎的 欢迎 欢迎 int. 欢迎
western,西方的，西部的；有西方特征的 西方人；西部片，西部小说
whether,是否；不论 两个中的哪一个
without,没有；超过；在…外面 户外
yoghurt,酸奶， 酵母乳
action,行动；活动；功能
arrive,到达；成功；达成
boring,无聊的；令人厌烦的 钻孔 钻孔；使厌烦
during,在…的时候，在…的期间 人名；迪兰；杜林
easily,容易地， 不费力地
famous,著名的；极好的，非常令人满意的
hardly,几乎不，简直不；刚刚
lively,活泼的；生动的；真实的
lonely,寂寞的；偏僻的 孤独者
loving,爱的；充满爱的；钟爱的
moment,片刻，瞬间，时刻；重要，契机
native,出生地的；当地的 土生土长者， 本国人
nearly,差不多，几乎；密切地
saying,话， 言语；俗话；成语， 格言， 谚语
scared,惊恐的， 恐惧的
string,弦， 线， 细绳；一串， 一行
supply,供给，补给；供应品 供给，提供；补充
accident,事故；意外；意外事件
activity,活动；行动；活跃
airplane,飞机
although,尽管；虽然；但是
announce,宣布， 声称；预告
anywhere,在任何地方；无论何处 任何地方
atlantic,大西洋 大西洋的
attitude,态度；看法， 意见
barbecue,在烤架上烧烤 烧烤野餐；金属烤架
baseball,棒球
birthday,生日，诞辰；诞生的日子
bookcase,书柜， 书架
calendar,日历， 月历；日程表
careless,粗心的；无忧无虑的；淡漠的 人名
chairman,主席，会长；董事长
champion,拥护 冠军；拥护者
complain,抱怨， 诉苦；投诉， 控告
complete,完整的；完全的；彻底的 完成
consider,考虑， 细想；认为， 把…看作；关心， 照顾
continue,继续，延续；仍旧，连续
creature,生物， 动物， 人；创造物， 产物
cupboard,柜橱
daughter,女儿；子代 女儿的；子代的
decision,决定，决心；决议
describe,描述，形容；描绘
dialogue,对话；意见交换 对话 用对话表达
discover,发现；发觉
distance,距离， 间距；遥远， 远方；冷淡， 疏远
district,地区， 区域；管区， 行政区
electric,电的；电动的；发电的
elevator,电梯；升降机
eleventh,第十一
engineer,工程师；工兵；火车司机 设计
envelope,信封
european,欧洲的；欧洲人的 欧洲人
everyday,每天的，日常的 平时；寻常日子
exchange,调换， 交换，互换；交易所；兑换，兑换率
favorite,特别喜爱的 特别喜欢的人或事物
festival,节日；庆祝，纪念活动；欢乐 节日的，喜庆的
football,足球，橄榄球 踢足球；打橄榄球
grandson,孙子；外孙
handsome,英俊的；可观的；大方的，慷慨的
headache,头痛；令人头痛的人
homeland,祖国， 家乡
homeless,无家的， 无家可归的
hometown,家乡；故乡
impolite,不礼貌的， 粗鲁的
increase,增加，增长；提高 增加，增大；繁殖
industry,产业；工业；勤勉
instance,例子， 实例， 事例；情况
interest,兴趣，爱好；利息；趣味
japanese,日本的；日语的 日本人；日语
kangaroo,袋鼠
keyboard,键盘 键入；用键盘式排字机排字
language,语言；语言文字；表达能力
lemonade,柠檬水
marathon,马拉松长跑；持久比赛；〈喻〉拖时长久令人
marriage,结婚；婚姻生活；密切结合，合并
material,物质的， 实际的；客观存在的；重要的 材料，原料
medicine,药；医学；内科
musician,音乐家， 乐师
neighbor,邻居；邻国
northern,北部的；北方的 北部方言
opposite,对面的，对立的，相反的 对立面；对立物
organize,组织， 安排；使有条理；使有机化
original,最初的，原始的；新颖的，有创意的；原创性的 原件
overcoat,大衣，外套
overseas,在海外，在国外 海外的， 国外的，
passport,护照，通行证；手段
personal,个人的；身体的；亲自的 人事消息栏
pleasant,令人愉快的，舒适的；讨人喜欢的，和蔼可亲的 人名；普莱曾特
pleasure,快乐；希望；娱乐
porridge,粥， 麦片粥
possible,可能的；合理的；合适的 可能性
postcard,明信片
practice,实践；练习；惯例 练习
pressure,对…施加压力；迫使， 说服 压；压强
prisoner,囚犯，犯人；俘虏；刑事被告
progress,进步，发展；前进 前进，进步；进行
province,省；领域；范围
raincoat,雨衣
recorder,录音机；记录器；记录员
remember,记得；牢记；纪念
research,研究；调查 研究；调查
restroom,洗手间；休息室
semester,学期
sentence,句子，命题；宣判，判决 判决，宣判
separate,使分离；使分开；使分居 单独的
shoulder,肩，肩膀；肩部 肩负，承担
singular,单数的；单一的
somebody,大人物；重要人物 有人；某人
southern,南的；南方的 南方人
specific,特定的，特有的；明确的，具体的
standard,标准；水准；旗
stranger,陌生人；外地人；局外人
strategy,谋略， 战略， 策略
suitable,适当的， 相配的；合适的， 适宜的
suitcase,手提箱， 衣箱
surprise,惊奇，诧异；突然袭击 使惊奇；奇袭 令人惊讶的
symphony,交响乐， 交响曲；和谐， 协调
teenager,十几岁的青少年
terrible,可怕的；很糟的；令人讨厌的 很，非常
thousand,一千；一千个；许许多多 成千的
treasure,财富，财产；财宝；珍品 珍爱
trousers,裤子，长裤
upstairs,在楼上，向楼上；上楼；往楼上 楼上的 楼上
whatever,不管什么样的 无论什么；诸如此类 无论什么
whenever,每当；无论何时 不论何时；随便什么时候
yourself,你自己
anxious,焦虑的， 发愁的， 令人焦急的；渴望的， 急
ceiling,天花板；上限
comment,评论 评论，意见；闲话，议论
emotion,感情；激情；情绪
feeling,感觉，触觉；感情，情绪；同情 有感觉的
fiction,小说
hundred,一百；许多 一百的；许多的 百
illness,病；疾病
meaning,意义；含义；意图 意味深长的 意味
meeting,会议；会见；集会
mention,提到，谈到；提及，论及；说起 提及，说起
morning,早晨；黎明；初期
nervous,神经的；紧张不安的；强健有力的
receive,收到；接待；接纳
serious,严肃的，严重的；认真的；庄重的
station,车站；驻地；地位
succeed,成功；继承；继任
accessory,附件， 零件， 配件；装饰品
advantage,优点， 好处， 优势
afternoon,午后，下午
assistant,助理的， 辅助的 助手；助教
attendant,伴随的， 随之而产生的 服务人员，侍者；随从
australia,澳大利亚，澳洲
authority,权力，管辖权
autograph,签名 亲笔签名
available,可获得的；可购得的；可找到的
behaviour,行为；习性；运行状况
brazilian,巴西的；巴西人的 巴西人
celebrate,庆祝；举行；赞美
challenge,向…挑战；对…质疑；挑战，艰巨任务
character,性格；特色， 特性；人物， 角色
chemistry,化学；化学过程
classmate,同班同学
confident,确信的， 肯定的；有信心的， 自信的
criticize,批评；评论；非难
difficult,困难的；不随和的；执拗的
discovery,发现，发觉；被发现的事物
dormitory,宿舍
encourage,鼓励，怂恿；激励；支持
escalator,〈美〉自动扶梯
establish,建立， 设立；确定， 证实
etiquette,礼节， 礼仪
everybody,每个人；人人
excellent,卓越的；极好的；杰出的
fantastic,奇异的；空想的；异想天开的
fifteenth,第十五 十五分之一
foreigner,外地人，外国人
frustrate,使沮丧， 使灰心；失败
furniture,家具
gentleman,先生；绅士；有身份的人
geography,地理；地形
housework,家务事
important,重要的，重大的；有地位的；有权力的
influence,影响；势力；感化
interview,接见，采访；面试，面谈 采访；接见
introduce,介绍；引进；提出
kilometer,公里；千米
knowledge,知识，学问；知道，认识；学科
lifestyle,生活方式
microwave,微波；微波炉
necessary,必要的；必需的；必然的 必需品
newspaper,报纸
ourselves,我们自己；我们亲自
passenger,旅客；乘客；过路人
president,总统；董事长；校长
pronounce,发音；宣判；断言
realistic,现实的；现实主义的；逼真的
represent,作为…的代表；描述；表示
sixteenth,第十六 十六分之一
somewhere,在某处；到某处 某个地方
southeast,向东南 东南方的， 东南部的， 来自东南的 东南，东南
spotlight,用聚光灯照；特别关注；突出报道 聚光灯
structure,构造， 建造 结构，构造；建筑物
telephone,电话；电话机；电话耳机 打电话
terrorist,恐怖主义者
therefore,因此， 所以
toothache,牙痛
translate,翻译；转化；解释
unhealthy,不健康的
volunteer,自愿 志愿者，志愿兵
worldwide,在世界各地， 在全世界 世界范围的，全世界的
business,商业；生意；交易
casually,偶然地；随便地；临时地
clothing,服装， 衣着
creative,创造性的， 具有创造力的
disabled,有残疾的
dumpling,饺子，汤团；面团布丁
greeting,问候，招呼；祝贺 致敬，欢迎
humorous,幽默的， 诙谐的
lighting,照明；照明设备；光线
negative,否定的；消极的；负的 底片
outgoing,外出的， 离开的；即将离职的；友好的， 好交际的
position,位置，方位；职位，工作；姿态
positive,积极的， 正面的；肯定的；【电】正的， 阳性的
possibly,大概， 也许
probably,大概， 或许， 很可能
question,问题，疑问；询问；疑问句 询问
relation,关系；叙述；故事
relative,相对的；比较的；有关的，相关的 亲属， 亲戚
solution,解决， 解答， 解决办法；溶液
swimming,游泳；目眩 游泳的；游泳用的
talented,有才能的， 有才干的；天才的
training,训练；培养；瞄准
australian,澳大利亚的，澳大利亚人的 澳大利亚人
background,背景；隐蔽的位置 作…的背景 背景的；发布背景材料的
calculator,计算器
conference,会议；讨论；协商
convenient,方便的， 便利的
difference,差异；不同；争执
difficulty,困难，困境
